text,emoji
on edge,ğŸ˜¤
disrespectful behavior,ğŸ˜¡
barely holding on,ğŸ˜¤
whatever man,ğŸ™„
that smile,ğŸ˜
phew!,ğŸ˜…
that was awkward,ğŸ˜…
dreamy moment,ğŸ˜
why are people like this?,ğŸ˜¡
applause,ğŸ‘
rolling on the floor,ğŸ˜‚
this is huge,ğŸ¥³
yuck,ğŸ¤¢
I'm not okay,ğŸ˜¢
emotions building,ğŸ˜¤
dodged a bullet,ğŸ˜…
warm feelings,ğŸ¥°
heartfelt thanks,â¤ï¸
shining light,ğŸ˜‡
can't eat that,ğŸ¤¢
sugar and spice,ğŸ¥°
cutest post today,ğŸ¥°
so surprised,ğŸ¤¯
need a break,ğŸ˜¤
tears in my eyes,ğŸ˜¢
power move,ğŸ‘
adorbs,ğŸ¥°
level unlocked,ğŸ˜
youâ€™re perfect,ğŸ˜
very hurt,ğŸ˜­
so cute,ğŸ¥°
shattered heart,ğŸ˜­
awesome pick,ğŸ‘
yawn,ğŸ™„
lol,ğŸ˜‚
tears rolling,ğŸ˜­
stomach turning,ğŸ¤¢
you're kidding me,ğŸ˜¡
walking like a legend,ğŸ˜
this makes me angry,ğŸ˜¡
laughing nervously,ğŸ˜…
tears won't stop,ğŸ˜¢
over the moon,ğŸ¥°
yay!!,ğŸ¥³
love this moment,â¤ï¸
this hurts,ğŸ˜¢
this is hilarious,ğŸ˜‚
what a joke,ğŸ˜‚
food poisoning vibes,ğŸ¤¢
funniest post today,ğŸ˜‚
enough is enough,ğŸ˜¡
letâ€™s have fun,ğŸ¥³
processing this,ğŸ¤”
repulsive,ğŸ¤¢
big celebration,ğŸ¥³
furious beyond words,ğŸ˜¡
letâ€™s analyze this,ğŸ¤”
ROFL,ğŸ˜‚
owning it,ğŸ˜
heartbroken,ğŸ˜¢
precious moment,ğŸ¥°
goosebumps,ğŸ˜±
angel in disguise,ğŸ˜‡
that smile tho,ğŸ¥°
miss you so much,ğŸ˜¢
grateful for you,â¤ï¸
well deserved,ğŸ‘
nothing but love,â¤ï¸
need rest,ğŸ˜´
not my proudest moment,ğŸ˜…
this sucks,ğŸ˜¤
grief taking over,ğŸ˜­
that's crazy,ğŸ¤¯
epic moment,ğŸ¤¯
always honest,ğŸ˜‡
so kind,ğŸ˜‡
pure terror,ğŸ˜±
I hate this,ğŸ˜¡
congrats again,ğŸ‘
celebrating you,ğŸ‘
classic move,ğŸ™„
deeply hurt,ğŸ˜¢
heart melting,ğŸ¥°
seen this before,ğŸ™„
pure intentions,ğŸ˜‡
losing control,ğŸ˜¢
time to dance,ğŸ¥³
so unhygienic,ğŸ¤¢
doing the right thing,ğŸ˜‡
never expected that,ğŸ¤¯
almost embarrassing,ğŸ˜…
that hit hard,ğŸ‘
lost it,ğŸ˜¤
doing no harm,ğŸ˜‡
agreed,ğŸ‘
can't express the pain,ğŸ˜­
wish you were here,ğŸ˜¢
feeling sad,ğŸ˜¢
supporting you,ğŸ‘
too much,ğŸ˜‚
zzz,ğŸ˜´
you got it,ğŸ‘
crying from laughter,ğŸ˜‚
a good heart,ğŸ˜‡
so emotional,ğŸ˜­
I'm boiling,ğŸ˜¡
angelic vibes,ğŸ˜‡
exhausted rn,ğŸ˜´
feeling hopeless,ğŸ˜­
scratching my head,ğŸ¤”
what if...?,ğŸ¤”
makes me puke,ğŸ¤¢
bawling,ğŸ˜­
I love you,â¤ï¸
you're the best,ğŸ‘
shocking news,ğŸ¤¯
dozing off,ğŸ˜´
in dreamland,ğŸ˜´
how are you so cute,ğŸ˜
with all my heart,â¤ï¸
so fly,ğŸ˜
letâ€™s celebrate,ğŸ¥³
just being kind,ğŸ˜‡
so typical,ğŸ™„
about to crash,ğŸ˜´
canâ€™t keep my eyes open,ğŸ˜´
never again,ğŸ¤¢
swagger mode,ğŸ˜
trying to decide,ğŸ¤”
overwhelmed with tears,ğŸ˜­
deeply in love,â¤ï¸
you're glowing,ğŸ˜
legendary moment,ğŸ‘
running scared,ğŸ˜±
looking into it,ğŸ¤”
totally pissed off,ğŸ˜¡
what a moment!,ğŸ¥³
this made my day,ğŸ˜‚
absolutely losing it,ğŸ˜‚
I screamed,ğŸ˜±
absolutely furious,ğŸ˜¡
you nailed it,ğŸ˜
so lovely,ğŸ¥°
so many memories,ğŸ˜¢
what just happened?,ğŸ˜±
shocked and shaken,ğŸ˜±
literally me,ğŸ˜‚
smooth and chill,ğŸ˜
nightmare,ğŸ˜±
great job,ğŸ‘
dying of laughter,ğŸ˜‚
in love with this,ğŸ˜
in love again,â¤ï¸
I'm weak,ğŸ˜‚
crowd goes wild,ğŸ‘
burned out,ğŸ˜¤
too funny,ğŸ˜‚
youâ€™re glowing,ğŸ˜
about to vomit,ğŸ¤¢
rage mode,ğŸ˜¡
cutest thing ever,ğŸ˜
morally right,ğŸ˜‡
nicely done,ğŸ‘
forever in my heart,â¤ï¸
yes to this,ğŸ‘
achievement unlocked,ğŸ‘
sending love,â¤ï¸
funniest thing ever,ğŸ˜‚
bravo,ğŸ‘
completely smitten,ğŸ˜
heartwarming,â¤ï¸
eye-roll moment,ğŸ™„
adorable energy,ğŸ¥°
canâ€™t resist you,ğŸ˜
this makes my heart melt,ğŸ˜
happy birthday!,ğŸ¥³
keeping calm barely,ğŸ˜¤
such a vibe,ğŸ¥³
thatâ€™s a good question,ğŸ¤”
no patience left,ğŸ˜¤
cringe moment,ğŸ˜…
go wild,ğŸ¥³
eww,ğŸ¤¢
mind blown,ğŸ¤¯
you did it,ğŸ‘
weighing my options,ğŸ¤”
mad inside,ğŸ˜¤
furious tweet incoming,ğŸ˜¡
smooth operator,ğŸ˜
this again?,ğŸ™„
this is love,ğŸ¥°
nervous laugh,ğŸ˜…
feeling sick,ğŸ¤¢
this startled me,ğŸ˜±
love at first sight,ğŸ˜
no energy left,ğŸ˜´
open for discussion,ğŸ¤”
no words just tears,ğŸ˜¢
rolling my eyes,ğŸ™„
frustrated at max,ğŸ˜¤
excellent job,ğŸ‘
this made me cry,ğŸ˜¢
bedtime vibes,ğŸ˜´
meh,ğŸ™„
what a joke,ğŸ™„
we made it,ğŸ¥³
nap needed,ğŸ˜´
mad vibes,ğŸ˜¡
youâ€™re adorable,ğŸ¥°
internally screaming,ğŸ˜¤
I'm shocked,ğŸ˜±
precious face,ğŸ˜
good deeds only,ğŸ˜‡
outrageous,ğŸ¤¯
horrified,ğŸ˜±
feeling pressure,ğŸ˜¤
barely okay,ğŸ˜…
time for bed,ğŸ˜´
can't deal with this,ğŸ˜¤
snore mode,ğŸ˜´
not again,ğŸ˜…
can't sleep now,ğŸ˜±
feeling the love,â¤ï¸
pop the champagne,ğŸ¥³
exploring ideas,ğŸ¤”
heavy breathing,ğŸ˜¤
pillow calling,ğŸ˜´
cleared!,ğŸ‘
this blew my mind,ğŸ¤¯
fed up with this,ğŸ˜¡
sweetness overload,ğŸ˜
sadness lingers,ğŸ˜¢
solid effort,ğŸ‘
laughing like crazy,ğŸ˜‚
boiling inside,ğŸ˜¤
crying in silence,ğŸ˜­
emotional wreck,ğŸ˜­
here we go again,ğŸ™„
ugh not again,ğŸ™„
it's party time,ğŸ¥³
on thin ice,ğŸ˜…
you rock!,ğŸ¥³
I'm in,ğŸ‘
my stomach hurts,ğŸ˜‚
I messed up,ğŸ˜…
so beautiful,ğŸ˜
crying silently,ğŸ˜¢
blessed with love,â¤ï¸
glowing with kindness,ğŸ˜‡
can we move on?,ğŸ™„
good presentation,ğŸ‘
absolutely wild,ğŸ¤¯
thank you!,ğŸ‘
so proud of you,ğŸ¥³
flabbergasted,ğŸ¤¯
what did I eat?,ğŸ¤¢
deep thoughts only,ğŸ¤”
shaky moment,ğŸ˜…
whatâ€™s the angle?,ğŸ¤”
fully agree,ğŸ‘
mind = blown,ğŸ¤¯
heart eyes mode,ğŸ˜
irritated soul,ğŸ˜¤
wish it was different,ğŸ˜¢
brainstorming,ğŸ¤”
tired beyond belief,ğŸ˜´
all set,ğŸ‘
my heart aches,ğŸ˜¢
smells awful,ğŸ¤¢
too much beauty,ğŸ˜
celebrating you,ğŸ¥³
boss energy,ğŸ˜
done for today,ğŸ˜´
doing good,ğŸ˜‡
eyes popping,ğŸ¤¯
so frustrating,ğŸ˜¤
sweating nervously,ğŸ˜…
what a save,ğŸ˜…
did not see that coming,ğŸ¤¯
thinking deeply,ğŸ¤”
being nice,ğŸ˜‡
confidence goals,ğŸ˜
I feel dizzy,ğŸ¤¢
too good,ğŸ˜
not sure yet,ğŸ¤”
vomit incoming,ğŸ¤¢
totally stunned,ğŸ¤¯
strong move,ğŸ‘
close call,ğŸ˜…
wow just wow,ğŸ¤¯
fed up,ğŸ˜¤
surprise of the year,ğŸ¤¯
whew!,ğŸ˜…
painfully crying,ğŸ˜­
head over heels,ğŸ˜
you did it!,ğŸ¥³
blessing others,ğŸ˜‡
absolutely,ğŸ‘
blushing hard,ğŸ¥°
so sweet,ğŸ¥°
sick vibes,ğŸ¤¢
falling asleep,ğŸ˜´
light and love,ğŸ˜‡
please stop,ğŸ™„
need to understand this,ğŸ¤”
enjoy your day!,ğŸ¥³
panicking,ğŸ˜±
goodnight world,ğŸ˜´
youâ€™re stunning,ğŸ˜
serious crush,ğŸ˜
everything hurts,ğŸ˜­
like a movie star,ğŸ˜
nauseated,ğŸ¤¢
that went wrong,ğŸ˜…
hmm...,ğŸ¤”
what just happened,ğŸ¤¯
ugh that taste,ğŸ¤¢
this is everything,ğŸ˜
angry vibes,ğŸ˜¤
crying hard,ğŸ˜­
interesting thought,ğŸ¤”
round of applause,ğŸ‘
sweetest feeling,â¤ï¸
amazing result,ğŸ‘
my blood is boiling,ğŸ˜¡
overwhelmed,ğŸ¤¯
overwhelmed with sadness,ğŸ˜¢
too sleepy to care,ğŸ˜´
congrats on your win,ğŸ¥³
that was tense,ğŸ˜…
not surprised,ğŸ™„
I'm dead,ğŸ˜‚
all the love,â¤ï¸
so much love,â¤ï¸
predictable,ğŸ™„
so many thoughts,ğŸ¤”
nervous energy,ğŸ˜…
soul is aching,ğŸ˜­
got that aura,ğŸ˜
memories hurt,ğŸ˜¢
this is infuriating,ğŸ˜¡
recharging now,ğŸ˜´
can't handle the cuteness,ğŸ¥°
relieved itâ€™s over,ğŸ˜…
cheers to you,ğŸ¥³
heart skips a beat,â¤ï¸
feels like home,ğŸ¥°
gag reflex,ğŸ¤¢
on point,ğŸ˜
incredible,ğŸ¤¯
this is scary,ğŸ˜±
bad food experience,ğŸ¤¢
can't stop laughing,ğŸ˜‚
stunned,ğŸ˜±
you did it,ğŸ‘
I'm in love,ğŸ˜
so sleepy,ğŸ˜´
approved,ğŸ‘
drip check,ğŸ˜
not impressed,ğŸ™„
gone too soon,ğŸ˜¢
my brain can't handle this,ğŸ¤¯
effortless cool,ğŸ˜
not okay at all,ğŸ˜¡
emotional and loving,â¤ï¸
you mean a lot to me,â¤ï¸
jaw dropped,ğŸ˜±
sobbing,ğŸ˜­
cool and confident,ğŸ˜
count me in,ğŸ‘
my heart is full,â¤ï¸
absolutely nasty,ğŸ¤¢
yawning hard,ğŸ˜´
frightening stuff,ğŸ˜±
beyond imagination,ğŸ¤¯
heard it all before,ğŸ™„
well done,ğŸ‘
curious now,ğŸ¤”
crossed the line,ğŸ˜¡
why though?,ğŸ¤”
what does this mean?,ğŸ¤”
love this,ğŸ¥°
I can't breathe from laughing,ğŸ˜‚
can't stop crying,ğŸ˜­
clapping hard,ğŸ‘
can't deal with it,ğŸ˜¡
feeling pure,ğŸ˜‡
haha so good,ğŸ˜‚
you canâ€™t be serious,ğŸ™„
unconditional love,â¤ï¸
oops,ğŸ˜…
that was awesome,ğŸ‘
gross,ğŸ¤¢
that attitude tho,ğŸ˜
what a twist,ğŸ¤¯
perfect,ğŸ‘
good choice,ğŸ‘
ugly crying,ğŸ˜­
dead tired,ğŸ˜´
vibes unmatched,ğŸ˜
feeling unstoppable,ğŸ˜
no way!,ğŸ¤¯
great performance,ğŸ‘
can't believe this,ğŸ˜±
made with love,ğŸ¥°
deep connection,ğŸ¥°
innocent look,ğŸ˜‡
gritting my teeth,ğŸ˜¤
freaked out,ğŸ˜±
lookin' sharp,ğŸ˜
I'm over it,ğŸ™„
I adore you,â¤ï¸
iconic move,ğŸ˜
this is disgusting,ğŸ¤¢
weâ€™re lit,ğŸ¥³
pure soul,ğŸ˜‡
in disbelief,ğŸ˜±
adorable moment,ğŸ˜
can't stand this,ğŸ˜¡
awkward situation,ğŸ˜…
I'm laughing so hard,ğŸ˜‚
correct answer,ğŸ‘
my favorite,ğŸ¥°
endless love,â¤ï¸
grossed out,ğŸ¤¢
so emotional,ğŸ˜¢
such style,ğŸ˜
youâ€™re my everything,â¤ï¸
what a scare,ğŸ˜±
keep it up,ğŸ‘
deep sigh,ğŸ˜¤
emotionally drained,ğŸ˜¢
wounded feelings,ğŸ˜­
roaring applause,ğŸ‘
angry right now,ğŸ˜¡
crying on the floor,ğŸ˜­
beyond belief,ğŸ˜±
out like a light,ğŸ˜´
this cracked me up,ğŸ˜‚
soulful and pure,ğŸ˜‡
painful moment,ğŸ˜¢
I survived,ğŸ˜…
what a shock,ğŸ˜±
donâ€™t care anymore,ğŸ™„
heartbroken deeply,ğŸ˜­
spread the love,ğŸ¥°
let me think,ğŸ¤”
clean conscience,ğŸ˜‡
pure joy,ğŸ¥°
innocence matters,ğŸ˜‡
long day,ğŸ˜´
lost my temper,ğŸ˜¡
just tired,ğŸ˜¤
I'm so mad,ğŸ˜¡
cheering you,ğŸ‘
so boring,ğŸ™„
valid point,ğŸ‘
raise a toast,ğŸ¥³
positive energy,ğŸ¥°
party mode activated,ğŸ¥³
Iâ€™ve had enough,ğŸ™„
so disrespectful,ğŸ˜¡
you're my favorite person,â¤ï¸
emotions flooding,ğŸ˜­
just five more mins,ğŸ˜´
terrified,ğŸ˜±
tears of joy,ğŸ˜‚
blessed behavior,ğŸ˜‡
so proud,ğŸ‘
thatâ€™s dumb,ğŸ™„
unbelievable,ğŸ¤¯
thumbs up from me,ğŸ‘
confetti vibes,ğŸ¥³
barely made it,ğŸ˜…
unexpected outcome,ğŸ¤¯
nasty stuff,ğŸ¤¢
wish I could stop crying,ğŸ˜­
alarmed,ğŸ˜±
peaceful mind,ğŸ˜‡
mentally evaluating,ğŸ¤”
still considering,ğŸ¤”
seriously?,ğŸ™„
annoyed badly,ğŸ˜¤
broken inside,ğŸ˜¢
gonna explode,ğŸ˜¤
alone again,ğŸ˜¢
standing ovation,ğŸ‘
mourning,ğŸ˜­
in my zone,ğŸ˜
so inspiring,ğŸ‘
youâ€™re my type,ğŸ˜
inner peace,ğŸ¥°
never laughed so hard,ğŸ˜‚
feeling festive,ğŸ¥³
stop this nonsense,ğŸ˜¡
you take my breath away,ğŸ˜
eyes wide open,ğŸ˜±
aching inside,ğŸ˜­
good work,ğŸ‘
canâ€™t stop staring,ğŸ˜
on edge,ğŸ˜¤
disrespectful behavior,ğŸ˜¡
barely holding on,ğŸ˜¤
whatever man,ğŸ™„
that smile,ğŸ˜
phew!,ğŸ˜…
that was awkward,ğŸ˜…
dreamy moment,ğŸ˜
why are people like this?,ğŸ˜¡
applause,ğŸ‘
rolling on the floor,ğŸ˜‚
this is huge,ğŸ¥³
yuck,ğŸ¤¢
I'm not okay,ğŸ˜¢
emotions building,ğŸ˜¤
dodged a bullet,ğŸ˜…
warm feelings,ğŸ¥°
heartfelt thanks,â¤ï¸
shining light,ğŸ˜‡
can't eat that,ğŸ¤¢
sugar and spice,ğŸ¥°
cutest post today,ğŸ¥°
so surprised,ğŸ¤¯
need a break,ğŸ˜¤
tears in my eyes,ğŸ˜¢
power move,ğŸ‘
adorbs,ğŸ¥°
level unlocked,ğŸ˜
youâ€™re perfect,ğŸ˜
very hurt,ğŸ˜­
so cute,ğŸ¥°
shattered heart,ğŸ˜­
awesome pick,ğŸ‘
yawn,ğŸ™„
lol,ğŸ˜‚
tears rolling,ğŸ˜­
stomach turning,ğŸ¤¢
you're kidding me,ğŸ˜¡
walking like a legend,ğŸ˜
this makes me angry,ğŸ˜¡
laughing nervously,ğŸ˜…
tears won't stop,ğŸ˜¢
over the moon,ğŸ¥°
yay!!,ğŸ¥³
love this moment,â¤ï¸
this hurts,ğŸ˜¢
this is hilarious,ğŸ˜‚
what a joke,ğŸ˜‚
food poisoning vibes,ğŸ¤¢
funniest post today,ğŸ˜‚
enough is enough,ğŸ˜¡
letâ€™s have fun,ğŸ¥³
processing this,ğŸ¤”
repulsive,ğŸ¤¢
big celebration,ğŸ¥³
furious beyond words,ğŸ˜¡
letâ€™s analyze this,ğŸ¤”
ROFL,ğŸ˜‚
owning it,ğŸ˜
heartbroken,ğŸ˜¢
precious moment,ğŸ¥°
goosebumps,ğŸ˜±
angel in disguise,ğŸ˜‡
that smile tho,ğŸ¥°
miss you so much,ğŸ˜¢
grateful for you,â¤ï¸
well deserved,ğŸ‘
nothing but love,â¤ï¸
need rest,ğŸ˜´
not my proudest moment,ğŸ˜…
this sucks,ğŸ˜¤
grief taking over,ğŸ˜­
that's crazy,ğŸ¤¯
epic moment,ğŸ¤¯
always honest,ğŸ˜‡
so kind,ğŸ˜‡
pure terror,ğŸ˜±
I hate this,ğŸ˜¡
congrats again,ğŸ‘
celebrating you,ğŸ‘
classic move,ğŸ™„
deeply hurt,ğŸ˜¢
heart melting,ğŸ¥°
seen this before,ğŸ™„
pure intentions,ğŸ˜‡
losing control,ğŸ˜¢
time to dance,ğŸ¥³
so unhygienic,ğŸ¤¢
doing the right thing,ğŸ˜‡
never expected that,ğŸ¤¯
almost embarrassing,ğŸ˜…
that hit hard,ğŸ‘
lost it,ğŸ˜¤
doing no harm,ğŸ˜‡
agreed,ğŸ‘
can't express the pain,ğŸ˜­
wish you were here,ğŸ˜¢
feeling sad,ğŸ˜¢
supporting you,ğŸ‘
too much,ğŸ˜‚
zzz,ğŸ˜´
you got it,ğŸ‘
crying from laughter,ğŸ˜‚
a good heart,ğŸ˜‡
so emotional,ğŸ˜­
I'm boiling,ğŸ˜¡
angelic vibes,ğŸ˜‡
exhausted rn,ğŸ˜´
feeling hopeless,ğŸ˜­
scratching my head,ğŸ¤”
what if...?,ğŸ¤”
makes me puke,ğŸ¤¢
bawling,ğŸ˜­
I love you,â¤ï¸
you're the best,ğŸ‘
shocking news,ğŸ¤¯
dozing off,ğŸ˜´
in dreamland,ğŸ˜´
how are you so cute,ğŸ˜
with all my heart,â¤ï¸
so fly,ğŸ˜
letâ€™s celebrate,ğŸ¥³
just being kind,ğŸ˜‡
so typical,ğŸ™„
about to crash,ğŸ˜´
canâ€™t keep my eyes open,ğŸ˜´
never again,ğŸ¤¢
swagger mode,ğŸ˜
trying to decide,ğŸ¤”
overwhelmed with tears,ğŸ˜­
deeply in love,â¤ï¸
you're glowing,ğŸ˜
legendary moment,ğŸ‘
running scared,ğŸ˜±
looking into it,ğŸ¤”
totally pissed off,ğŸ˜¡
what a moment!,ğŸ¥³
this made my day,ğŸ˜‚
absolutely losing it,ğŸ˜‚
I screamed,ğŸ˜±
absolutely furious,ğŸ˜¡
you nailed it,ğŸ˜
so lovely,ğŸ¥°
so many memories,ğŸ˜¢
what just happened?,ğŸ˜±
shocked and shaken,ğŸ˜±
literally me,ğŸ˜‚
smooth and chill,ğŸ˜
nightmare,ğŸ˜±
great job,ğŸ‘
dying of laughter,ğŸ˜‚
in love with this,ğŸ˜
in love again,â¤ï¸
I'm weak,ğŸ˜‚
crowd goes wild,ğŸ‘
burned out,ğŸ˜¤
too funny,ğŸ˜‚
youâ€™re glowing,ğŸ˜
about to vomit,ğŸ¤¢
rage mode,ğŸ˜¡
cutest thing ever,ğŸ˜
morally right,ğŸ˜‡
nicely done,ğŸ‘
forever in my heart,â¤ï¸
yes to this,ğŸ‘
achievement unlocked,ğŸ‘
sending love,â¤ï¸
funniest thing ever,ğŸ˜‚
bravo,ğŸ‘
completely smitten,ğŸ˜
heartwarming,â¤ï¸
eye-roll moment,ğŸ™„
adorable energy,ğŸ¥°
canâ€™t resist you,ğŸ˜
this makes my heart melt,ğŸ˜
happy birthday!,ğŸ¥³
keeping calm barely,ğŸ˜¤
such a vibe,ğŸ¥³
thatâ€™s a good question,ğŸ¤”
no patience left,ğŸ˜¤
cringe moment,ğŸ˜…
go wild,ğŸ¥³
eww,ğŸ¤¢
mind blown,ğŸ¤¯
you did it,ğŸ‘
weighing my options,ğŸ¤”
mad inside,ğŸ˜¤
furious tweet incoming,ğŸ˜¡
smooth operator,ğŸ˜
this again?,ğŸ™„
this is love,ğŸ¥°
nervous laugh,ğŸ˜…
feeling sick,ğŸ¤¢
this startled me,ğŸ˜±
love at first sight,ğŸ˜
no energy left,ğŸ˜´
open for discussion,ğŸ¤”
no words just tears,ğŸ˜¢
rolling my eyes,ğŸ™„
frustrated at max,ğŸ˜¤
excellent job,ğŸ‘
this made me cry,ğŸ˜¢
bedtime vibes,ğŸ˜´
meh,ğŸ™„
what a joke,ğŸ™„
we made it,ğŸ¥³
nap needed,ğŸ˜´
mad vibes,ğŸ˜¡
youâ€™re adorable,ğŸ¥°
internally screaming,ğŸ˜¤
I'm shocked,ğŸ˜±
precious face,ğŸ˜
good deeds only,ğŸ˜‡
outrageous,ğŸ¤¯
horrified,ğŸ˜±
feeling pressure,ğŸ˜¤
barely okay,ğŸ˜…
time for bed,ğŸ˜´
can't deal with this,ğŸ˜¤
snore mode,ğŸ˜´
not again,ğŸ˜…
can't sleep now,ğŸ˜±
feeling the love,â¤ï¸
pop the champagne,ğŸ¥³
exploring ideas,ğŸ¤”
heavy breathing,ğŸ˜¤
pillow calling,ğŸ˜´
cleared!,ğŸ‘
this blew my mind,ğŸ¤¯
fed up with this,ğŸ˜¡
sweetness overload,ğŸ˜
sadness lingers,ğŸ˜¢
solid effort,ğŸ‘
laughing like crazy,ğŸ˜‚
boiling inside,ğŸ˜¤
crying in silence,ğŸ˜­
emotional wreck,ğŸ˜­
here we go again,ğŸ™„
ugh not again,ğŸ™„
it's party time,ğŸ¥³
on thin ice,ğŸ˜…
you rock!,ğŸ¥³
I'm in,ğŸ‘
my stomach hurts,ğŸ˜‚
I messed up,ğŸ˜…
so beautiful,ğŸ˜
crying silently,ğŸ˜¢
blessed with love,â¤ï¸
glowing with kindness,ğŸ˜‡
can we move on?,ğŸ™„
good presentation,ğŸ‘
absolutely wild,ğŸ¤¯
thank you!,ğŸ‘
so proud of you,ğŸ¥³
flabbergasted,ğŸ¤¯
what did I eat?,ğŸ¤¢
deep thoughts only,ğŸ¤”
shaky moment,ğŸ˜…
whatâ€™s the angle?,ğŸ¤”
fully agree,ğŸ‘
mind = blown,ğŸ¤¯
heart eyes mode,ğŸ˜
irritated soul,ğŸ˜¤
wish it was different,ğŸ˜¢
brainstorming,ğŸ¤”
tired beyond belief,ğŸ˜´
all set,ğŸ‘
my heart aches,ğŸ˜¢
smells awful,ğŸ¤¢
too much beauty,ğŸ˜
celebrating you,ğŸ¥³
boss energy,ğŸ˜
done for today,ğŸ˜´
doing good,ğŸ˜‡
eyes popping,ğŸ¤¯
so frustrating,ğŸ˜¤
sweating nervously,ğŸ˜…
what a save,ğŸ˜…
did not see that coming,ğŸ¤¯
thinking deeply,ğŸ¤”
being nice,ğŸ˜‡
confidence goals,ğŸ˜
I feel dizzy,ğŸ¤¢
too good,ğŸ˜
not sure yet,ğŸ¤”
vomit incoming,ğŸ¤¢
totally stunned,ğŸ¤¯
strong move,ğŸ‘
close call,ğŸ˜…
wow just wow,ğŸ¤¯
fed up,ğŸ˜¤
surprise of the year,ğŸ¤¯
whew!,ğŸ˜…
painfully crying,ğŸ˜­
head over heels,ğŸ˜
you did it!,ğŸ¥³
blessing others,ğŸ˜‡
absolutely,ğŸ‘
blushing hard,ğŸ¥°
so sweet,ğŸ¥°
sick vibes,ğŸ¤¢
falling asleep,ğŸ˜´
light and love,ğŸ˜‡
please stop,ğŸ™„
need to understand this,ğŸ¤”
enjoy your day!,ğŸ¥³
panicking,ğŸ˜±
goodnight world,ğŸ˜´
youâ€™re stunning,ğŸ˜
serious crush,ğŸ˜
everything hurts,ğŸ˜­
like a movie star,ğŸ˜
nauseated,ğŸ¤¢
that went wrong,ğŸ˜…
hmm...,ğŸ¤”
what just happened,ğŸ¤¯
ugh that taste,ğŸ¤¢
this is everything,ğŸ˜
angry vibes,ğŸ˜¤
crying hard,ğŸ˜­
interesting thought,ğŸ¤”
round of applause,ğŸ‘
sweetest feeling,â¤ï¸
amazing result,ğŸ‘
my blood is boiling,ğŸ˜¡
overwhelmed,ğŸ¤¯
overwhelmed with sadness,ğŸ˜¢
too sleepy to care,ğŸ˜´
congrats on your win,ğŸ¥³
that was tense,ğŸ˜…
not surprised,ğŸ™„
I'm dead,ğŸ˜‚
all the love,â¤ï¸
so much love,â¤ï¸
predictable,ğŸ™„
so many thoughts,ğŸ¤”
nervous energy,ğŸ˜…
soul is aching,ğŸ˜­
got that aura,ğŸ˜
memories hurt,ğŸ˜¢
this is infuriating,ğŸ˜¡
recharging now,ğŸ˜´
can't handle the cuteness,ğŸ¥°
relieved itâ€™s over,ğŸ˜…
cheers to you,ğŸ¥³
heart skips a beat,â¤ï¸
feels like home,ğŸ¥°
gag reflex,ğŸ¤¢
on point,ğŸ˜
incredible,ğŸ¤¯
this is scary,ğŸ˜±
bad food experience,ğŸ¤¢
can't stop laughing,ğŸ˜‚
stunned,ğŸ˜±
you did it,ğŸ‘
I'm in love,ğŸ˜
so sleepy,ğŸ˜´
approved,ğŸ‘
drip check,ğŸ˜
not impressed,ğŸ™„
gone too soon,ğŸ˜¢
my brain can't handle this,ğŸ¤¯
effortless cool,ğŸ˜
not okay at all,ğŸ˜¡
emotional and loving,â¤ï¸
you mean a lot to me,â¤ï¸
jaw dropped,ğŸ˜±
sobbing,ğŸ˜­
cool and confident,ğŸ˜
count me in,ğŸ‘
my heart is full,â¤ï¸
absolutely nasty,ğŸ¤¢
yawning hard,ğŸ˜´
frightening stuff,ğŸ˜±
beyond imagination,ğŸ¤¯
heard it all before,ğŸ™„
well done,ğŸ‘
curious now,ğŸ¤”
crossed the line,ğŸ˜¡
why though?,ğŸ¤”
what does this mean?,ğŸ¤”
love this,ğŸ¥°
I can't breathe from laughing,ğŸ˜‚
can't stop crying,ğŸ˜­
clapping hard,ğŸ‘
can't deal with it,ğŸ˜¡
feeling pure,ğŸ˜‡
haha so good,ğŸ˜‚
you canâ€™t be serious,ğŸ™„
unconditional love,â¤ï¸
oops,ğŸ˜…
that was awesome,ğŸ‘
gross,ğŸ¤¢
that attitude tho,ğŸ˜
what a twist,ğŸ¤¯
perfect,ğŸ‘
good choice,ğŸ‘
ugly crying,ğŸ˜­
dead tired,ğŸ˜´
vibes unmatched,ğŸ˜
feeling unstoppable,ğŸ˜
no way!,ğŸ¤¯
great performance,ğŸ‘
can't believe this,ğŸ˜±
made with love,ğŸ¥°
deep connection,ğŸ¥°
innocent look,ğŸ˜‡
gritting my teeth,ğŸ˜¤
freaked out,ğŸ˜±
lookin' sharp,ğŸ˜
I'm over it,ğŸ™„
I adore you,â¤ï¸
iconic move,ğŸ˜
this is disgusting,ğŸ¤¢
weâ€™re lit,ğŸ¥³
pure soul,ğŸ˜‡
in disbelief,ğŸ˜±
adorable moment,ğŸ˜
can't stand this,ğŸ˜¡
awkward situation,ğŸ˜…
I'm laughing so hard,ğŸ˜‚
correct answer,ğŸ‘
my favorite,ğŸ¥°
endless love,â¤ï¸
grossed out,ğŸ¤¢
so emotional,ğŸ˜¢
such style,ğŸ˜
youâ€™re my everything,â¤ï¸
what a scare,ğŸ˜±
keep it up,ğŸ‘
deep sigh,ğŸ˜¤
emotionally drained,ğŸ˜¢
wounded feelings,ğŸ˜­
roaring applause,ğŸ‘
angry right now,ğŸ˜¡
crying on the floor,ğŸ˜­
beyond belief,ğŸ˜±
out like a light,ğŸ˜´
this cracked me up,ğŸ˜‚
soulful and pure,ğŸ˜‡
painful moment,ğŸ˜¢
I survived,ğŸ˜…
what a shock,ğŸ˜±
donâ€™t care anymore,ğŸ™„
heartbroken deeply,ğŸ˜­
spread the love,ğŸ¥°
let me think,ğŸ¤”
clean conscience,ğŸ˜‡
pure joy,ğŸ¥°
innocence matters,ğŸ˜‡
long day,ğŸ˜´
lost my temper,ğŸ˜¡
just tired,ğŸ˜¤
I'm so mad,ğŸ˜¡
cheering you,ğŸ‘
so boring,ğŸ™„
valid point,ğŸ‘
raise a toast,ğŸ¥³
positive energy,ğŸ¥°
party mode activated,ğŸ¥³
Iâ€™ve had enough,ğŸ™„
so disrespectful,ğŸ˜¡
you're my favorite person,â¤ï¸
emotions flooding,ğŸ˜­
just five more mins,ğŸ˜´
terrified,ğŸ˜±
tears of joy,ğŸ˜‚
blessed behavior,ğŸ˜‡
so proud,ğŸ‘
thatâ€™s dumb,ğŸ™„
unbelievable,ğŸ¤¯
thumbs up from me,ğŸ‘
confetti vibes,ğŸ¥³
barely made it,ğŸ˜…
unexpected outcome,ğŸ¤¯
nasty stuff,ğŸ¤¢
wish I could stop crying,ğŸ˜­
alarmed,ğŸ˜±
peaceful mind,ğŸ˜‡
mentally evaluating,ğŸ¤”
still considering,ğŸ¤”
seriously?,ğŸ™„
annoyed badly,ğŸ˜¤
broken inside,ğŸ˜¢
gonna explode,ğŸ˜¤
alone again,ğŸ˜¢
standing ovation,ğŸ‘
mourning,ğŸ˜­
in my zone,ğŸ˜
so inspiring,ğŸ‘
youâ€™re my type,ğŸ˜
inner peace,ğŸ¥°
never laughed so hard,ğŸ˜‚
feeling festive,ğŸ¥³
stop this nonsense,ğŸ˜¡
you take my breath away,ğŸ˜
eyes wide open,ğŸ˜±
aching inside,ğŸ˜­
good work,ğŸ‘
canâ€™t stop staring,ğŸ˜
on edge,ğŸ˜¤
disrespectful behavior,ğŸ˜¡
barely holding on,ğŸ˜¤
whatever man,ğŸ™„
that smile,ğŸ˜
phew!,ğŸ˜…
that was awkward,ğŸ˜…
dreamy moment,ğŸ˜
why are people like this?,ğŸ˜¡
applause,ğŸ‘
rolling on the floor,ğŸ˜‚
this is huge,ğŸ¥³
yuck,ğŸ¤¢
I'm not okay,ğŸ˜¢
emotions building,ğŸ˜¤
dodged a bullet,ğŸ˜…
warm feelings,ğŸ¥°
heartfelt thanks,â¤ï¸
shining light,ğŸ˜‡
can't eat that,ğŸ¤¢
sugar and spice,ğŸ¥°
cutest post today,ğŸ¥°
so surprised,ğŸ¤¯
need a break,ğŸ˜¤
tears in my eyes,ğŸ˜¢
power move,ğŸ‘
adorbs,ğŸ¥°
level unlocked,ğŸ˜
youâ€™re perfect,ğŸ˜
very hurt,ğŸ˜­
so cute,ğŸ¥°
shattered heart,ğŸ˜­
awesome pick,ğŸ‘
yawn,ğŸ™„
lol,ğŸ˜‚
tears rolling,ğŸ˜­
stomach turning,ğŸ¤¢
you're kidding me,ğŸ˜¡
walking like a legend,ğŸ˜
this makes me angry,ğŸ˜¡
laughing nervously,ğŸ˜…
tears won't stop,ğŸ˜¢
over the moon,ğŸ¥°
yay!!,ğŸ¥³
love this moment,â¤ï¸
this hurts,ğŸ˜¢
this is hilarious,ğŸ˜‚
what a joke,ğŸ˜‚
food poisoning vibes,ğŸ¤¢
funniest post today,ğŸ˜‚
enough is enough,ğŸ˜¡
letâ€™s have fun,ğŸ¥³
processing this,ğŸ¤”
repulsive,ğŸ¤¢
big celebration,ğŸ¥³
furious beyond words,ğŸ˜¡
letâ€™s analyze this,ğŸ¤”
ROFL,ğŸ˜‚
owning it,ğŸ˜
heartbroken,ğŸ˜¢
precious moment,ğŸ¥°
goosebumps,ğŸ˜±
angel in disguise,ğŸ˜‡
that smile tho,ğŸ¥°
miss you so much,ğŸ˜¢
grateful for you,â¤ï¸
well deserved,ğŸ‘
nothing but love,â¤ï¸
need rest,ğŸ˜´
not my proudest moment,ğŸ˜…
this sucks,ğŸ˜¤
grief taking over,ğŸ˜­
that's crazy,ğŸ¤¯
epic moment,ğŸ¤¯
always honest,ğŸ˜‡
so kind,ğŸ˜‡
pure terror,ğŸ˜±
I hate this,ğŸ˜¡
congrats again,ğŸ‘
celebrating you,ğŸ‘
classic move,ğŸ™„
deeply hurt,ğŸ˜¢
heart melting,ğŸ¥°
seen this before,ğŸ™„
pure intentions,ğŸ˜‡
losing control,ğŸ˜¢
time to dance,ğŸ¥³
so unhygienic,ğŸ¤¢
doing the right thing,ğŸ˜‡
never expected that,ğŸ¤¯
almost embarrassing,ğŸ˜…
that hit hard,ğŸ‘
lost it,ğŸ˜¤
doing no harm,ğŸ˜‡
agreed,ğŸ‘
can't express the pain,ğŸ˜­
wish you were here,ğŸ˜¢
feeling sad,ğŸ˜¢
supporting you,ğŸ‘
too much,ğŸ˜‚
zzz,ğŸ˜´
you got it,ğŸ‘
crying from laughter,ğŸ˜‚
a good heart,ğŸ˜‡
so emotional,ğŸ˜­
I'm boiling,ğŸ˜¡
angelic vibes,ğŸ˜‡
exhausted rn,ğŸ˜´
feeling hopeless,ğŸ˜­
scratching my head,ğŸ¤”
what if...?,ğŸ¤”
makes me puke,ğŸ¤¢
bawling,ğŸ˜­
I love you,â¤ï¸
you're the best,ğŸ‘
shocking news,ğŸ¤¯
dozing off,ğŸ˜´
in dreamland,ğŸ˜´
how are you so cute,ğŸ˜
with all my heart,â¤ï¸
so fly,ğŸ˜
letâ€™s celebrate,ğŸ¥³
just being kind,ğŸ˜‡
so typical,ğŸ™„
about to crash,ğŸ˜´
canâ€™t keep my eyes open,ğŸ˜´
never again,ğŸ¤¢
swagger mode,ğŸ˜
trying to decide,ğŸ¤”
overwhelmed with tears,ğŸ˜­
deeply in love,â¤ï¸
you're glowing,ğŸ˜
legendary moment,ğŸ‘
running scared,ğŸ˜±
looking into it,ğŸ¤”
totally pissed off,ğŸ˜¡
what a moment!,ğŸ¥³
this made my day,ğŸ˜‚
absolutely losing it,ğŸ˜‚
I screamed,ğŸ˜±
absolutely furious,ğŸ˜¡
you nailed it,ğŸ˜
so lovely,ğŸ¥°
so many memories,ğŸ˜¢
what just happened?,ğŸ˜±
shocked and shaken,ğŸ˜±
literally me,ğŸ˜‚
smooth and chill,ğŸ˜
nightmare,ğŸ˜±
great job,ğŸ‘
dying of laughter,ğŸ˜‚
in love with this,ğŸ˜
in love again,â¤ï¸
I'm weak,ğŸ˜‚
crowd goes wild,ğŸ‘
burned out,ğŸ˜¤
too funny,ğŸ˜‚
youâ€™re glowing,ğŸ˜
about to vomit,ğŸ¤¢
rage mode,ğŸ˜¡
cutest thing ever,ğŸ˜
morally right,ğŸ˜‡
nicely done,ğŸ‘
forever in my heart,â¤ï¸
yes to this,ğŸ‘
achievement unlocked,ğŸ‘
sending love,â¤ï¸
funniest thing ever,ğŸ˜‚
bravo,ğŸ‘
completely smitten,ğŸ˜
heartwarming,â¤ï¸
eye-roll moment,ğŸ™„
adorable energy,ğŸ¥°
canâ€™t resist you,ğŸ˜
this makes my heart melt,ğŸ˜
happy birthday!,ğŸ¥³
keeping calm barely,ğŸ˜¤
such a vibe,ğŸ¥³
thatâ€™s a good question,ğŸ¤”
no patience left,ğŸ˜¤
cringe moment,ğŸ˜…
go wild,ğŸ¥³
eww,ğŸ¤¢
mind blown,ğŸ¤¯
you did it,ğŸ‘
weighing my options,ğŸ¤”
mad inside,ğŸ˜¤
furious tweet incoming,ğŸ˜¡
smooth operator,ğŸ˜
this again?,ğŸ™„
this is love,ğŸ¥°
nervous laugh,ğŸ˜…
feeling sick,ğŸ¤¢
this startled me,ğŸ˜±
love at first sight,ğŸ˜
no energy left,ğŸ˜´
open for discussion,ğŸ¤”
no words just tears,ğŸ˜¢
rolling my eyes,ğŸ™„
frustrated at max,ğŸ˜¤
excellent job,ğŸ‘
this made me cry,ğŸ˜¢
bedtime vibes,ğŸ˜´
meh,ğŸ™„
what a joke,ğŸ™„
we made it,ğŸ¥³
nap needed,ğŸ˜´
mad vibes,ğŸ˜¡
youâ€™re adorable,ğŸ¥°
internally screaming,ğŸ˜¤
I'm shocked,ğŸ˜±
precious face,ğŸ˜
good deeds only,ğŸ˜‡
outrageous,ğŸ¤¯
horrified,ğŸ˜±
feeling pressure,ğŸ˜¤
barely okay,ğŸ˜…
time for bed,ğŸ˜´
can't deal with this,ğŸ˜¤
snore mode,ğŸ˜´
not again,ğŸ˜…
can't sleep now,ğŸ˜±
feeling the love,â¤ï¸
pop the champagne,ğŸ¥³
exploring ideas,ğŸ¤”
heavy breathing,ğŸ˜¤
pillow calling,ğŸ˜´
cleared!,ğŸ‘
this blew my mind,ğŸ¤¯
fed up with this,ğŸ˜¡
sweetness overload,ğŸ˜
sadness lingers,ğŸ˜¢
solid effort,ğŸ‘
laughing like crazy,ğŸ˜‚
boiling inside,ğŸ˜¤
crying in silence,ğŸ˜­
emotional wreck,ğŸ˜­
here we go again,ğŸ™„
ugh not again,ğŸ™„
it's party time,ğŸ¥³
on thin ice,ğŸ˜…
you rock!,ğŸ¥³
I'm in,ğŸ‘
my stomach hurts,ğŸ˜‚
I messed up,ğŸ˜…
so beautiful,ğŸ˜
crying silently,ğŸ˜¢
blessed with love,â¤ï¸
glowing with kindness,ğŸ˜‡
can we move on?,ğŸ™„
good presentation,ğŸ‘
absolutely wild,ğŸ¤¯
thank you!,ğŸ‘
so proud of you,ğŸ¥³
flabbergasted,ğŸ¤¯
what did I eat?,ğŸ¤¢
deep thoughts only,ğŸ¤”
shaky moment,ğŸ˜…
whatâ€™s the angle?,ğŸ¤”
fully agree,ğŸ‘
mind = blown,ğŸ¤¯
heart eyes mode,ğŸ˜
irritated soul,ğŸ˜¤
wish it was different,ğŸ˜¢
brainstorming,ğŸ¤”
tired beyond belief,ğŸ˜´
all set,ğŸ‘
my heart aches,ğŸ˜¢
smells awful,ğŸ¤¢
too much beauty,ğŸ˜
celebrating you,ğŸ¥³
boss energy,ğŸ˜
done for today,ğŸ˜´
doing good,ğŸ˜‡
eyes popping,ğŸ¤¯
so frustrating,ğŸ˜¤
sweating nervously,ğŸ˜…
what a save,ğŸ˜…
did not see that coming,ğŸ¤¯
thinking deeply,ğŸ¤”
being nice,ğŸ˜‡
confidence goals,ğŸ˜
I feel dizzy,ğŸ¤¢
too good,ğŸ˜
not sure yet,ğŸ¤”
vomit incoming,ğŸ¤¢
totally stunned,ğŸ¤¯
strong move,ğŸ‘
close call,ğŸ˜…
wow just wow,ğŸ¤¯
fed up,ğŸ˜¤
surprise of the year,ğŸ¤¯
whew!,ğŸ˜…
painfully crying,ğŸ˜­
head over heels,ğŸ˜
you did it!,ğŸ¥³
blessing others,ğŸ˜‡
absolutely,ğŸ‘
blushing hard,ğŸ¥°
so sweet,ğŸ¥°
sick vibes,ğŸ¤¢
falling asleep,ğŸ˜´
light and love,ğŸ˜‡
please stop,ğŸ™„
need to understand this,ğŸ¤”
enjoy your day!,ğŸ¥³
panicking,ğŸ˜±
goodnight world,ğŸ˜´
youâ€™re stunning,ğŸ˜
serious crush,ğŸ˜
everything hurts,ğŸ˜­
like a movie star,ğŸ˜
nauseated,ğŸ¤¢
that went wrong,ğŸ˜…
hmm...,ğŸ¤”
what just happened,ğŸ¤¯
ugh that taste,ğŸ¤¢
this is everything,ğŸ˜
angry vibes,ğŸ˜¤
crying hard,ğŸ˜­
interesting thought,ğŸ¤”
round of applause,ğŸ‘
sweetest feeling,â¤ï¸
amazing result,ğŸ‘
my blood is boiling,ğŸ˜¡
overwhelmed,ğŸ¤¯
overwhelmed with sadness,ğŸ˜¢
too sleepy to care,ğŸ˜´
congrats on your win,ğŸ¥³
that was tense,ğŸ˜…
not surprised,ğŸ™„
I'm dead,ğŸ˜‚
all the love,â¤ï¸
so much love,â¤ï¸
predictable,ğŸ™„
so many thoughts,ğŸ¤”
nervous energy,ğŸ˜…
soul is aching,ğŸ˜­
got that aura,ğŸ˜
memories hurt,ğŸ˜¢
this is infuriating,ğŸ˜¡
recharging now,ğŸ˜´
can't handle the cuteness,ğŸ¥°
relieved itâ€™s over,ğŸ˜…
cheers to you,ğŸ¥³
heart skips a beat,â¤ï¸
feels like home,ğŸ¥°
gag reflex,ğŸ¤¢
on point,ğŸ˜
incredible,ğŸ¤¯
this is scary,ğŸ˜±
bad food experience,ğŸ¤¢
can't stop laughing,ğŸ˜‚
stunned,ğŸ˜±
you did it,ğŸ‘
I'm in love,ğŸ˜
so sleepy,ğŸ˜´
approved,ğŸ‘
drip check,ğŸ˜
not impressed,ğŸ™„
gone too soon,ğŸ˜¢
my brain can't handle this,ğŸ¤¯
effortless cool,ğŸ˜
not okay at all,ğŸ˜¡
emotional and loving,â¤ï¸
you mean a lot to me,â¤ï¸
jaw dropped,ğŸ˜±
sobbing,ğŸ˜­
cool and confident,ğŸ˜
count me in,ğŸ‘
my heart is full,â¤ï¸
absolutely nasty,ğŸ¤¢
yawning hard,ğŸ˜´
frightening stuff,ğŸ˜±
beyond imagination,ğŸ¤¯
heard it all before,ğŸ™„
well done,ğŸ‘
curious now,ğŸ¤”
crossed the line,ğŸ˜¡
why though?,ğŸ¤”
what does this mean?,ğŸ¤”
love this,ğŸ¥°
I can't breathe from laughing,ğŸ˜‚
can't stop crying,ğŸ˜­
clapping hard,ğŸ‘
can't deal with it,ğŸ˜¡
feeling pure,ğŸ˜‡
haha so good,ğŸ˜‚
you canâ€™t be serious,ğŸ™„
unconditional love,â¤ï¸
oops,ğŸ˜…
that was awesome,ğŸ‘
gross,ğŸ¤¢
that attitude tho,ğŸ˜
what a twist,ğŸ¤¯
perfect,ğŸ‘
good choice,ğŸ‘
ugly crying,ğŸ˜­
dead tired,ğŸ˜´
vibes unmatched,ğŸ˜
feeling unstoppable,ğŸ˜
no way!,ğŸ¤¯
great performance,ğŸ‘
can't believe this,ğŸ˜±
made with love,ğŸ¥°
deep connection,ğŸ¥°
innocent look,ğŸ˜‡
gritting my teeth,ğŸ˜¤
freaked out,ğŸ˜±
lookin' sharp,ğŸ˜
I'm over it,ğŸ™„
I adore you,â¤ï¸
iconic move,ğŸ˜
this is disgusting,ğŸ¤¢
weâ€™re lit,ğŸ¥³
pure soul,ğŸ˜‡
in disbelief,ğŸ˜±
adorable moment,ğŸ˜
can't stand this,ğŸ˜¡
awkward situation,ğŸ˜…
I'm laughing so hard,ğŸ˜‚
correct answer,ğŸ‘
my favorite,ğŸ¥°
endless love,â¤ï¸
grossed out,ğŸ¤¢
so emotional,ğŸ˜¢
such style,ğŸ˜
youâ€™re my everything,â¤ï¸
what a scare,ğŸ˜±
keep it up,ğŸ‘
deep sigh,ğŸ˜¤
emotionally drained,ğŸ˜¢
wounded feelings,ğŸ˜­
roaring applause,ğŸ‘
angry right now,ğŸ˜¡
crying on the floor,ğŸ˜­
beyond belief,ğŸ˜±
out like a light,ğŸ˜´
this cracked me up,ğŸ˜‚
soulful and pure,ğŸ˜‡
painful moment,ğŸ˜¢
I survived,ğŸ˜…
what a shock,ğŸ˜±
donâ€™t care anymore,ğŸ™„
heartbroken deeply,ğŸ˜­
spread the love,ğŸ¥°
let me think,ğŸ¤”
clean conscience,ğŸ˜‡
pure joy,ğŸ¥°
innocence matters,ğŸ˜‡
long day,ğŸ˜´
lost my temper,ğŸ˜¡
just tired,ğŸ˜¤
I'm so mad,ğŸ˜¡
cheering you,ğŸ‘
so boring,ğŸ™„
valid point,ğŸ‘
raise a toast,ğŸ¥³
positive energy,ğŸ¥°
party mode activated,ğŸ¥³
Iâ€™ve had enough,ğŸ™„
so disrespectful,ğŸ˜¡
you're my favorite person,â¤ï¸
emotions flooding,ğŸ˜­
just five more mins,ğŸ˜´
terrified,ğŸ˜±
tears of joy,ğŸ˜‚
blessed behavior,ğŸ˜‡
so proud,ğŸ‘
thatâ€™s dumb,ğŸ™„
unbelievable,ğŸ¤¯
thumbs up from me,ğŸ‘
confetti vibes,ğŸ¥³
barely made it,ğŸ˜…
unexpected outcome,ğŸ¤¯
nasty stuff,ğŸ¤¢
wish I could stop crying,ğŸ˜­
alarmed,ğŸ˜±
peaceful mind,ğŸ˜‡
mentally evaluating,ğŸ¤”
still considering,ğŸ¤”
seriously?,ğŸ™„
annoyed badly,ğŸ˜¤
broken inside,ğŸ˜¢
gonna explode,ğŸ˜¤
alone again,ğŸ˜¢
standing ovation,ğŸ‘
mourning,ğŸ˜­
in my zone,ğŸ˜
so inspiring,ğŸ‘
youâ€™re my type,ğŸ˜
inner peace,ğŸ¥°
never laughed so hard,ğŸ˜‚
feeling festive,ğŸ¥³
stop this nonsense,ğŸ˜¡
you take my breath away,ğŸ˜
eyes wide open,ğŸ˜±
aching inside,ğŸ˜­
good work,ğŸ‘
canâ€™t stop staring,ğŸ˜
on edge,ğŸ˜¤
disrespectful behavior,ğŸ˜¡
barely holding on,ğŸ˜¤
whatever man,ğŸ™„
that smile,ğŸ˜
phew!,ğŸ˜…
that was awkward,ğŸ˜…
dreamy moment,ğŸ˜
why are people like this?,ğŸ˜¡
applause,ğŸ‘
rolling on the floor,ğŸ˜‚
this is huge,ğŸ¥³
yuck,ğŸ¤¢
I'm not okay,ğŸ˜¢
emotions building,ğŸ˜¤
dodged a bullet,ğŸ˜…
warm feelings,ğŸ¥°
heartfelt thanks,â¤ï¸
shining light,ğŸ˜‡
can't eat that,ğŸ¤¢
sugar and spice,ğŸ¥°
cutest post today,ğŸ¥°
so surprised,ğŸ¤¯
need a break,ğŸ˜¤
tears in my eyes,ğŸ˜¢
power move,ğŸ‘
adorbs,ğŸ¥°
level unlocked,ğŸ˜
youâ€™re perfect,ğŸ˜
very hurt,ğŸ˜­
so cute,ğŸ¥°
shattered heart,ğŸ˜­
awesome pick,ğŸ‘
yawn,ğŸ™„
lol,ğŸ˜‚
tears rolling,ğŸ˜­
stomach turning,ğŸ¤¢
you're kidding me,ğŸ˜¡
walking like a legend,ğŸ˜
this makes me angry,ğŸ˜¡
laughing nervously,ğŸ˜…
tears won't stop,ğŸ˜¢
over the moon,ğŸ¥°
yay!!,ğŸ¥³
love this moment,â¤ï¸
this hurts,ğŸ˜¢
this is hilarious,ğŸ˜‚
what a joke,ğŸ˜‚
food poisoning vibes,ğŸ¤¢
funniest post today,ğŸ˜‚
enough is enough,ğŸ˜¡
letâ€™s have fun,ğŸ¥³
processing this,ğŸ¤”
repulsive,ğŸ¤¢
big celebration,ğŸ¥³
furious beyond words,ğŸ˜¡
letâ€™s analyze this,ğŸ¤”
ROFL,ğŸ˜‚
owning it,ğŸ˜
heartbroken,ğŸ˜¢
precious moment,ğŸ¥°
goosebumps,ğŸ˜±
angel in disguise,ğŸ˜‡
that smile tho,ğŸ¥°
miss you so much,ğŸ˜¢
grateful for you,â¤ï¸
well deserved,ğŸ‘
nothing but love,â¤ï¸
need rest,ğŸ˜´
not my proudest moment,ğŸ˜…
this sucks,ğŸ˜¤
grief taking over,ğŸ˜­
that's crazy,ğŸ¤¯
epic moment,ğŸ¤¯
always honest,ğŸ˜‡
so kind,ğŸ˜‡
pure terror,ğŸ˜±
I hate this,ğŸ˜¡
congrats again,ğŸ‘
celebrating you,ğŸ‘
classic move,ğŸ™„
deeply hurt,ğŸ˜¢
heart melting,ğŸ¥°
seen this before,ğŸ™„
pure intentions,ğŸ˜‡
losing control,ğŸ˜¢
time to dance,ğŸ¥³
so unhygienic,ğŸ¤¢
doing the right thing,ğŸ˜‡
never expected that,ğŸ¤¯
almost embarrassing,ğŸ˜…
that hit hard,ğŸ‘
lost it,ğŸ˜¤
doing no harm,ğŸ˜‡
agreed,ğŸ‘
can't express the pain,ğŸ˜­
wish you were here,ğŸ˜¢
feeling sad,ğŸ˜¢
supporting you,ğŸ‘
too much,ğŸ˜‚
zzz,ğŸ˜´
you got it,ğŸ‘
crying from laughter,ğŸ˜‚
a good heart,ğŸ˜‡
so emotional,ğŸ˜­
I'm boiling,ğŸ˜¡
angelic vibes,ğŸ˜‡
exhausted rn,ğŸ˜´
feeling hopeless,ğŸ˜­
scratching my head,ğŸ¤”
what if...?,ğŸ¤”
makes me puke,ğŸ¤¢
bawling,ğŸ˜­
I love you,â¤ï¸
you're the best,ğŸ‘
shocking news,ğŸ¤¯
dozing off,ğŸ˜´
in dreamland,ğŸ˜´
how are you so cute,ğŸ˜
with all my heart,â¤ï¸
so fly,ğŸ˜
letâ€™s celebrate,ğŸ¥³
just being kind,ğŸ˜‡
so typical,ğŸ™„
about to crash,ğŸ˜´
canâ€™t keep my eyes open,ğŸ˜´
never again,ğŸ¤¢
swagger mode,ğŸ˜
trying to decide,ğŸ¤”
overwhelmed with tears,ğŸ˜­
deeply in love,â¤ï¸
you're glowing,ğŸ˜
legendary moment,ğŸ‘
running scared,ğŸ˜±
looking into it,ğŸ¤”
totally pissed off,ğŸ˜¡
what a moment!,ğŸ¥³
this made my day,ğŸ˜‚
absolutely losing it,ğŸ˜‚
I screamed,ğŸ˜±
absolutely furious,ğŸ˜¡
you nailed it,ğŸ˜
so lovely,ğŸ¥°
so many memories,ğŸ˜¢
what just happened?,ğŸ˜±
shocked and shaken,ğŸ˜±
literally me,ğŸ˜‚
smooth and chill,ğŸ˜
nightmare,ğŸ˜±
great job,ğŸ‘
dying of laughter,ğŸ˜‚
in love with this,ğŸ˜
in love again,â¤ï¸
I'm weak,ğŸ˜‚
crowd goes wild,ğŸ‘
burned out,ğŸ˜¤
too funny,ğŸ˜‚
youâ€™re glowing,ğŸ˜
about to vomit,ğŸ¤¢
rage mode,ğŸ˜¡
cutest thing ever,ğŸ˜
morally right,ğŸ˜‡
nicely done,ğŸ‘
forever in my heart,â¤ï¸
yes to this,ğŸ‘
achievement unlocked,ğŸ‘
sending love,â¤ï¸
funniest thing ever,ğŸ˜‚
bravo,ğŸ‘
completely smitten,ğŸ˜
heartwarming,â¤ï¸
eye-roll moment,ğŸ™„
adorable energy,ğŸ¥°
canâ€™t resist you,ğŸ˜
this makes my heart melt,ğŸ˜
happy birthday!,ğŸ¥³
keeping calm barely,ğŸ˜¤
such a vibe,ğŸ¥³
thatâ€™s a good question,ğŸ¤”
no patience left,ğŸ˜¤
cringe moment,ğŸ˜…
go wild,ğŸ¥³
eww,ğŸ¤¢
mind blown,ğŸ¤¯
you did it,ğŸ‘
weighing my options,ğŸ¤”
mad inside,ğŸ˜¤
furious tweet incoming,ğŸ˜¡
smooth operator,ğŸ˜
this again?,ğŸ™„
this is love,ğŸ¥°
nervous laugh,ğŸ˜…
feeling sick,ğŸ¤¢
this startled me,ğŸ˜±
love at first sight,ğŸ˜
no energy left,ğŸ˜´
open for discussion,ğŸ¤”
no words just tears,ğŸ˜¢
rolling my eyes,ğŸ™„
frustrated at max,ğŸ˜¤
excellent job,ğŸ‘
this made me cry,ğŸ˜¢
bedtime vibes,ğŸ˜´
meh,ğŸ™„
what a joke,ğŸ™„
we made it,ğŸ¥³
nap needed,ğŸ˜´
mad vibes,ğŸ˜¡
youâ€™re adorable,ğŸ¥°
internally screaming,ğŸ˜¤
I'm shocked,ğŸ˜±
precious face,ğŸ˜
good deeds only,ğŸ˜‡
outrageous,ğŸ¤¯
horrified,ğŸ˜±
feeling pressure,ğŸ˜¤
barely okay,ğŸ˜…
time for bed,ğŸ˜´
can't deal with this,ğŸ˜¤
snore mode,ğŸ˜´
not again,ğŸ˜…
can't sleep now,ğŸ˜±
feeling the love,â¤ï¸
pop the champagne,ğŸ¥³
exploring ideas,ğŸ¤”
heavy breathing,ğŸ˜¤
pillow calling,ğŸ˜´
cleared!,ğŸ‘
this blew my mind,ğŸ¤¯
fed up with this,ğŸ˜¡
sweetness overload,ğŸ˜
sadness lingers,ğŸ˜¢
solid effort,ğŸ‘
laughing like crazy,ğŸ˜‚
boiling inside,ğŸ˜¤
crying in silence,ğŸ˜­
emotional wreck,ğŸ˜­
here we go again,ğŸ™„
ugh not again,ğŸ™„
it's party time,ğŸ¥³
on thin ice,ğŸ˜…
you rock!,ğŸ¥³
I'm in,ğŸ‘
my stomach hurts,ğŸ˜‚
I messed up,ğŸ˜…
so beautiful,ğŸ˜
crying silently,ğŸ˜¢
blessed with love,â¤ï¸
glowing with kindness,ğŸ˜‡
can we move on?,ğŸ™„
good presentation,ğŸ‘
absolutely wild,ğŸ¤¯
thank you!,ğŸ‘
so proud of you,ğŸ¥³
flabbergasted,ğŸ¤¯
what did I eat?,ğŸ¤¢
deep thoughts only,ğŸ¤”
shaky moment,ğŸ˜…
whatâ€™s the angle?,ğŸ¤”
fully agree,ğŸ‘
mind = blown,ğŸ¤¯
heart eyes mode,ğŸ˜
irritated soul,ğŸ˜¤
wish it was different,ğŸ˜¢
brainstorming,ğŸ¤”
tired beyond belief,ğŸ˜´
all set,ğŸ‘
my heart aches,ğŸ˜¢
smells awful,ğŸ¤¢
too much beauty,ğŸ˜
celebrating you,ğŸ¥³
boss energy,ğŸ˜
done for today,ğŸ˜´
doing good,ğŸ˜‡
eyes popping,ğŸ¤¯
so frustrating,ğŸ˜¤
sweating nervously,ğŸ˜…
what a save,ğŸ˜…
did not see that coming,ğŸ¤¯
thinking deeply,ğŸ¤”
being nice,ğŸ˜‡
confidence goals,ğŸ˜
I feel dizzy,ğŸ¤¢
too good,ğŸ˜
not sure yet,ğŸ¤”
vomit incoming,ğŸ¤¢
totally stunned,ğŸ¤¯
strong move,ğŸ‘
close call,ğŸ˜…
wow just wow,ğŸ¤¯
fed up,ğŸ˜¤
surprise of the year,ğŸ¤¯
whew!,ğŸ˜…
painfully crying,ğŸ˜­
head over heels,ğŸ˜
you did it!,ğŸ¥³
blessing others,ğŸ˜‡
absolutely,ğŸ‘
blushing hard,ğŸ¥°
so sweet,ğŸ¥°
sick vibes,ğŸ¤¢
falling asleep,ğŸ˜´
light and love,ğŸ˜‡
please stop,ğŸ™„
need to understand this,ğŸ¤”
enjoy your day!,ğŸ¥³
panicking,ğŸ˜±
goodnight world,ğŸ˜´
youâ€™re stunning,ğŸ˜
serious crush,ğŸ˜
everything hurts,ğŸ˜­
like a movie star,ğŸ˜
nauseated,ğŸ¤¢
that went wrong,ğŸ˜…
hmm...,ğŸ¤”
what just happened,ğŸ¤¯
ugh that taste,ğŸ¤¢
this is everything,ğŸ˜
angry vibes,ğŸ˜¤
crying hard,ğŸ˜­
interesting thought,ğŸ¤”
round of applause,ğŸ‘
sweetest feeling,â¤ï¸
amazing result,ğŸ‘
my blood is boiling,ğŸ˜¡
overwhelmed,ğŸ¤¯
overwhelmed with sadness,ğŸ˜¢
too sleepy to care,ğŸ˜´
congrats on your win,ğŸ¥³
that was tense,ğŸ˜…
not surprised,ğŸ™„
I'm dead,ğŸ˜‚
all the love,â¤ï¸
so much love,â¤ï¸
predictable,ğŸ™„
so many thoughts,ğŸ¤”
nervous energy,ğŸ˜…
soul is aching,ğŸ˜­
got that aura,ğŸ˜
memories hurt,ğŸ˜¢
this is infuriating,ğŸ˜¡
recharging now,ğŸ˜´
can't handle the cuteness,ğŸ¥°
relieved itâ€™s over,ğŸ˜…
cheers to you,ğŸ¥³
heart skips a beat,â¤ï¸
feels like home,ğŸ¥°
gag reflex,ğŸ¤¢
on point,ğŸ˜
incredible,ğŸ¤¯
this is scary,ğŸ˜±
bad food experience,ğŸ¤¢
can't stop laughing,ğŸ˜‚
stunned,ğŸ˜±
you did it,ğŸ‘
I'm in love,ğŸ˜
so sleepy,ğŸ˜´
approved,ğŸ‘
drip check,ğŸ˜
not impressed,ğŸ™„
gone too soon,ğŸ˜¢
my brain can't handle this,ğŸ¤¯
effortless cool,ğŸ˜
not okay at all,ğŸ˜¡
emotional and loving,â¤ï¸
you mean a lot to me,â¤ï¸
jaw dropped,ğŸ˜±
sobbing,ğŸ˜­
cool and confident,ğŸ˜
count me in,ğŸ‘
my heart is full,â¤ï¸
absolutely nasty,ğŸ¤¢
yawning hard,ğŸ˜´
frightening stuff,ğŸ˜±
beyond imagination,ğŸ¤¯
heard it all before,ğŸ™„
well done,ğŸ‘
curious now,ğŸ¤”
crossed the line,ğŸ˜¡
why though?,ğŸ¤”
what does this mean?,ğŸ¤”
love this,ğŸ¥°
I can't breathe from laughing,ğŸ˜‚
can't stop crying,ğŸ˜­
clapping hard,ğŸ‘
can't deal with it,ğŸ˜¡
feeling pure,ğŸ˜‡
haha so good,ğŸ˜‚
you canâ€™t be serious,ğŸ™„
unconditional love,â¤ï¸
oops,ğŸ˜…
that was awesome,ğŸ‘
gross,ğŸ¤¢
that attitude tho,ğŸ˜
what a twist,ğŸ¤¯
perfect,ğŸ‘
good choice,ğŸ‘
ugly crying,ğŸ˜­
dead tired,ğŸ˜´
vibes unmatched,ğŸ˜
feeling unstoppable,ğŸ˜
no way!,ğŸ¤¯
great performance,ğŸ‘
can't believe this,ğŸ˜±
made with love,ğŸ¥°
deep connection,ğŸ¥°
innocent look,ğŸ˜‡
gritting my teeth,ğŸ˜¤
freaked out,ğŸ˜±
lookin' sharp,ğŸ˜
I'm over it,ğŸ™„
I adore you,â¤ï¸
iconic move,ğŸ˜
this is disgusting,ğŸ¤¢
weâ€™re lit,ğŸ¥³
pure soul,ğŸ˜‡
in disbelief,ğŸ˜±
adorable moment,ğŸ˜
can't stand this,ğŸ˜¡
awkward situation,ğŸ˜…
I'm laughing so hard,ğŸ˜‚
correct answer,ğŸ‘
my favorite,ğŸ¥°
endless love,â¤ï¸
grossed out,ğŸ¤¢
so emotional,ğŸ˜¢
such style,ğŸ˜
youâ€™re my everything,â¤ï¸
what a scare,ğŸ˜±
keep it up,ğŸ‘
deep sigh,ğŸ˜¤
emotionally drained,ğŸ˜¢
wounded feelings,ğŸ˜­
roaring applause,ğŸ‘
angry right now,ğŸ˜¡
crying on the floor,ğŸ˜­
beyond belief,ğŸ˜±
out like a light,ğŸ˜´
this cracked me up,ğŸ˜‚
soulful and pure,ğŸ˜‡
painful moment,ğŸ˜¢
I survived,ğŸ˜…
what a shock,ğŸ˜±
donâ€™t care anymore,ğŸ™„
heartbroken deeply,ğŸ˜­
spread the love,ğŸ¥°
let me think,ğŸ¤”
clean conscience,ğŸ˜‡
pure joy,ğŸ¥°
innocence matters,ğŸ˜‡
long day,ğŸ˜´
lost my temper,ğŸ˜¡
just tired,ğŸ˜¤
I'm so mad,ğŸ˜¡
cheering you,ğŸ‘
so boring,ğŸ™„
valid point,ğŸ‘
raise a toast,ğŸ¥³
positive energy,ğŸ¥°
party mode activated,ğŸ¥³
Iâ€™ve had enough,ğŸ™„
so disrespectful,ğŸ˜¡
you're my favorite person,â¤ï¸
emotions flooding,ğŸ˜­
just five more mins,ğŸ˜´
terrified,ğŸ˜±
tears of joy,ğŸ˜‚
blessed behavior,ğŸ˜‡
so proud,ğŸ‘
thatâ€™s dumb,ğŸ™„
unbelievable,ğŸ¤¯
thumbs up from me,ğŸ‘
confetti vibes,ğŸ¥³
barely made it,ğŸ˜…
unexpected outcome,ğŸ¤¯
nasty stuff,ğŸ¤¢
wish I could stop crying,ğŸ˜­
alarmed,ğŸ˜±
peaceful mind,ğŸ˜‡
mentally evaluating,ğŸ¤”
still considering,ğŸ¤”
seriously?,ğŸ™„
annoyed badly,ğŸ˜¤
broken inside,ğŸ˜¢
gonna explode,ğŸ˜¤
alone again,ğŸ˜¢
standing ovation,ğŸ‘
mourning,ğŸ˜­
in my zone,ğŸ˜
so inspiring,ğŸ‘
youâ€™re my type,ğŸ˜
inner peace,ğŸ¥°
never laughed so hard,ğŸ˜‚
feeling festive,ğŸ¥³
stop this nonsense,ğŸ˜¡
you take my breath away,ğŸ˜
eyes wide open,ğŸ˜±
aching inside,ğŸ˜­
good work,ğŸ‘
canâ€™t stop staring,ğŸ˜
on edge,ğŸ˜¤
disrespectful behavior,ğŸ˜¡
barely holding on,ğŸ˜¤
whatever man,ğŸ™„
that smile,ğŸ˜
phew!,ğŸ˜…
that was awkward,ğŸ˜…
dreamy moment,ğŸ˜
why are people like this?,ğŸ˜¡
applause,ğŸ‘
rolling on the floor,ğŸ˜‚
this is huge,ğŸ¥³
yuck,ğŸ¤¢
I'm not okay,ğŸ˜¢
emotions building,ğŸ˜¤
dodged a bullet,ğŸ˜…
warm feelings,ğŸ¥°
heartfelt thanks,â¤ï¸
shining light,ğŸ˜‡
can't eat that,ğŸ¤¢
sugar and spice,ğŸ¥°
cutest post today,ğŸ¥°
so surprised,ğŸ¤¯
need a break,ğŸ˜¤
tears in my eyes,ğŸ˜¢
power move,ğŸ‘
adorbs,ğŸ¥°
level unlocked,ğŸ˜
youâ€™re perfect,ğŸ˜
very hurt,ğŸ˜­
so cute,ğŸ¥°
shattered heart,ğŸ˜­
awesome pick,ğŸ‘
yawn,ğŸ™„
lol,ğŸ˜‚
tears rolling,ğŸ˜­
stomach turning,ğŸ¤¢
you're kidding me,ğŸ˜¡
walking like a legend,ğŸ˜
this makes me angry,ğŸ˜¡
laughing nervously,ğŸ˜…
tears won't stop,ğŸ˜¢
over the moon,ğŸ¥°
yay!!,ğŸ¥³
love this moment,â¤ï¸
this hurts,ğŸ˜¢
this is hilarious,ğŸ˜‚
what a joke,ğŸ˜‚
food poisoning vibes,ğŸ¤¢
funniest post today,ğŸ˜‚
enough is enough,ğŸ˜¡
letâ€™s have fun,ğŸ¥³
processing this,ğŸ¤”
repulsive,ğŸ¤¢
big celebration,ğŸ¥³
furious beyond words,ğŸ˜¡
letâ€™s analyze this,ğŸ¤”
ROFL,ğŸ˜‚
owning it,ğŸ˜
heartbroken,ğŸ˜¢
precious moment,ğŸ¥°
goosebumps,ğŸ˜±
angel in disguise,ğŸ˜‡
that smile tho,ğŸ¥°
miss you so much,ğŸ˜¢
grateful for you,â¤ï¸
well deserved,ğŸ‘
nothing but love,â¤ï¸
need rest,ğŸ˜´
not my proudest moment,ğŸ˜…
this sucks,ğŸ˜¤
grief taking over,ğŸ˜­
that's crazy,ğŸ¤¯
epic moment,ğŸ¤¯
always honest,ğŸ˜‡
so kind,ğŸ˜‡
pure terror,ğŸ˜±
I hate this,ğŸ˜¡
congrats again,ğŸ‘
celebrating you,ğŸ‘
classic move,ğŸ™„
deeply hurt,ğŸ˜¢
heart melting,ğŸ¥°
seen this before,ğŸ™„
pure intentions,ğŸ˜‡
losing control,ğŸ˜¢
time to dance,ğŸ¥³
so unhygienic,ğŸ¤¢
doing the right thing,ğŸ˜‡
never expected that,ğŸ¤¯
almost embarrassing,ğŸ˜…
that hit hard,ğŸ‘
lost it,ğŸ˜¤
doing no harm,ğŸ˜‡
agreed,ğŸ‘
can't express the pain,ğŸ˜­
wish you were here,ğŸ˜¢
feeling sad,ğŸ˜¢
supporting you,ğŸ‘
too much,ğŸ˜‚
zzz,ğŸ˜´
you got it,ğŸ‘
crying from laughter,ğŸ˜‚
a good heart,ğŸ˜‡
so emotional,ğŸ˜­
I'm boiling,ğŸ˜¡
angelic vibes,ğŸ˜‡
exhausted rn,ğŸ˜´
feeling hopeless,ğŸ˜­
scratching my head,ğŸ¤”
what if...?,ğŸ¤”
makes me puke,ğŸ¤¢
bawling,ğŸ˜­
I love you,â¤ï¸
you're the best,ğŸ‘
shocking news,ğŸ¤¯
dozing off,ğŸ˜´
in dreamland,ğŸ˜´
how are you so cute,ğŸ˜
with all my heart,â¤ï¸
so fly,ğŸ˜
letâ€™s celebrate,ğŸ¥³
just being kind,ğŸ˜‡
so typical,ğŸ™„
about to crash,ğŸ˜´
canâ€™t keep my eyes open,ğŸ˜´
never again,ğŸ¤¢
swagger mode,ğŸ˜
trying to decide,ğŸ¤”
overwhelmed with tears,ğŸ˜­
deeply in love,â¤ï¸
you're glowing,ğŸ˜
legendary moment,ğŸ‘
running scared,ğŸ˜±
looking into it,ğŸ¤”
totally pissed off,ğŸ˜¡
what a moment!,ğŸ¥³
this made my day,ğŸ˜‚
absolutely losing it,ğŸ˜‚
I screamed,ğŸ˜±
absolutely furious,ğŸ˜¡
you nailed it,ğŸ˜
so lovely,ğŸ¥°
so many memories,ğŸ˜¢
what just happened?,ğŸ˜±
shocked and shaken,ğŸ˜±
literally me,ğŸ˜‚
smooth and chill,ğŸ˜
nightmare,ğŸ˜±
great job,ğŸ‘
dying of laughter,ğŸ˜‚
in love with this,ğŸ˜
in love again,â¤ï¸
I'm weak,ğŸ˜‚
crowd goes wild,ğŸ‘
burned out,ğŸ˜¤
too funny,ğŸ˜‚
youâ€™re glowing,ğŸ˜
about to vomit,ğŸ¤¢
rage mode,ğŸ˜¡
cutest thing ever,ğŸ˜
morally right,ğŸ˜‡
nicely done,ğŸ‘
forever in my heart,â¤ï¸
yes to this,ğŸ‘
achievement unlocked,ğŸ‘
sending love,â¤ï¸
funniest thing ever,ğŸ˜‚
bravo,ğŸ‘
completely smitten,ğŸ˜
heartwarming,â¤ï¸
eye-roll moment,ğŸ™„
adorable energy,ğŸ¥°
canâ€™t resist you,ğŸ˜
this makes my heart melt,ğŸ˜
happy birthday!,ğŸ¥³
keeping calm barely,ğŸ˜¤
such a vibe,ğŸ¥³
thatâ€™s a good question,ğŸ¤”
no patience left,ğŸ˜¤
cringe moment,ğŸ˜…
go wild,ğŸ¥³
eww,ğŸ¤¢
mind blown,ğŸ¤¯
you did it,ğŸ‘
weighing my options,ğŸ¤”
mad inside,ğŸ˜¤
furious tweet incoming,ğŸ˜¡
smooth operator,ğŸ˜
this again?,ğŸ™„
this is love,ğŸ¥°
nervous laugh,ğŸ˜…
feeling sick,ğŸ¤¢
this startled me,ğŸ˜±
love at first sight,ğŸ˜
no energy left,ğŸ˜´
open for discussion,ğŸ¤”
no words just tears,ğŸ˜¢
rolling my eyes,ğŸ™„
frustrated at max,ğŸ˜¤
excellent job,ğŸ‘
this made me cry,ğŸ˜¢
bedtime vibes,ğŸ˜´
meh,ğŸ™„
what a joke,ğŸ™„
we made it,ğŸ¥³
nap needed,ğŸ˜´
mad vibes,ğŸ˜¡
youâ€™re adorable,ğŸ¥°
internally screaming,ğŸ˜¤
I'm shocked,ğŸ˜±
precious face,ğŸ˜
good deeds only,ğŸ˜‡
outrageous,ğŸ¤¯
horrified,ğŸ˜±
feeling pressure,ğŸ˜¤
barely okay,ğŸ˜…
time for bed,ğŸ˜´
can't deal with this,ğŸ˜¤
snore mode,ğŸ˜´
not again,ğŸ˜…
can't sleep now,ğŸ˜±
feeling the love,â¤ï¸
pop the champagne,ğŸ¥³
exploring ideas,ğŸ¤”
heavy breathing,ğŸ˜¤
pillow calling,ğŸ˜´
cleared!,ğŸ‘
this blew my mind,ğŸ¤¯
fed up with this,ğŸ˜¡
sweetness overload,ğŸ˜
sadness lingers,ğŸ˜¢
solid effort,ğŸ‘
laughing like crazy,ğŸ˜‚
boiling inside,ğŸ˜¤
crying in silence,ğŸ˜­
emotional wreck,ğŸ˜­
here we go again,ğŸ™„
ugh not again,ğŸ™„
it's party time,ğŸ¥³
on thin ice,ğŸ˜…
you rock!,ğŸ¥³
I'm in,ğŸ‘
my stomach hurts,ğŸ˜‚
I messed up,ğŸ˜…
so beautiful,ğŸ˜
crying silently,ğŸ˜¢
blessed with love,â¤ï¸
glowing with kindness,ğŸ˜‡
can we move on?,ğŸ™„
good presentation,ğŸ‘
absolutely wild,ğŸ¤¯
thank you!,ğŸ‘
so proud of you,ğŸ¥³
flabbergasted,ğŸ¤¯
what did I eat?,ğŸ¤¢
deep thoughts only,ğŸ¤”
shaky moment,ğŸ˜…
whatâ€™s the angle?,ğŸ¤”
fully agree,ğŸ‘
mind = blown,ğŸ¤¯
heart eyes mode,ğŸ˜
irritated soul,ğŸ˜¤
wish it was different,ğŸ˜¢
brainstorming,ğŸ¤”
tired beyond belief,ğŸ˜´
all set,ğŸ‘
my heart aches,ğŸ˜¢
smells awful,ğŸ¤¢
too much beauty,ğŸ˜
celebrating you,ğŸ¥³
boss energy,ğŸ˜
done for today,ğŸ˜´
doing good,ğŸ˜‡
eyes popping,ğŸ¤¯
so frustrating,ğŸ˜¤
sweating nervously,ğŸ˜…
what a save,ğŸ˜…
did not see that coming,ğŸ¤¯
thinking deeply,ğŸ¤”
being nice,ğŸ˜‡
confidence goals,ğŸ˜
I feel dizzy,ğŸ¤¢
too good,ğŸ˜
not sure yet,ğŸ¤”
vomit incoming,ğŸ¤¢
totally stunned,ğŸ¤¯
strong move,ğŸ‘
close call,ğŸ˜…
wow just wow,ğŸ¤¯
fed up,ğŸ˜¤
surprise of the year,ğŸ¤¯
whew!,ğŸ˜…
painfully crying,ğŸ˜­
head over heels,ğŸ˜
you did it!,ğŸ¥³
blessing others,ğŸ˜‡
absolutely,ğŸ‘
blushing hard,ğŸ¥°
so sweet,ğŸ¥°
sick vibes,ğŸ¤¢
falling asleep,ğŸ˜´
light and love,ğŸ˜‡
please stop,ğŸ™„
need to understand this,ğŸ¤”
enjoy your day!,ğŸ¥³
panicking,ğŸ˜±
goodnight world,ğŸ˜´
youâ€™re stunning,ğŸ˜
serious crush,ğŸ˜
everything hurts,ğŸ˜­
like a movie star,ğŸ˜
nauseated,ğŸ¤¢
that went wrong,ğŸ˜…
hmm...,ğŸ¤”
what just happened,ğŸ¤¯
ugh that taste,ğŸ¤¢
this is everything,ğŸ˜
angry vibes,ğŸ˜¤
crying hard,ğŸ˜­
interesting thought,ğŸ¤”
round of applause,ğŸ‘
sweetest feeling,â¤ï¸
amazing result,ğŸ‘
my blood is boiling,ğŸ˜¡
overwhelmed,ğŸ¤¯
overwhelmed with sadness,ğŸ˜¢
too sleepy to care,ğŸ˜´
congrats on your win,ğŸ¥³
that was tense,ğŸ˜…
not surprised,ğŸ™„
I'm dead,ğŸ˜‚
all the love,â¤ï¸
so much love,â¤ï¸
predictable,ğŸ™„
so many thoughts,ğŸ¤”
nervous energy,ğŸ˜…
soul is aching,ğŸ˜­
got that aura,ğŸ˜
memories hurt,ğŸ˜¢
this is infuriating,ğŸ˜¡
recharging now,ğŸ˜´
can't handle the cuteness,ğŸ¥°
relieved itâ€™s over,ğŸ˜…
cheers to you,ğŸ¥³
heart skips a beat,â¤ï¸
feels like home,ğŸ¥°
gag reflex,ğŸ¤¢
on point,ğŸ˜
incredible,ğŸ¤¯
this is scary,ğŸ˜±
bad food experience,ğŸ¤¢
can't stop laughing,ğŸ˜‚
stunned,ğŸ˜±
you did it,ğŸ‘
I'm in love,ğŸ˜
so sleepy,ğŸ˜´
approved,ğŸ‘
drip check,ğŸ˜
not impressed,ğŸ™„
gone too soon,ğŸ˜¢
my brain can't handle this,ğŸ¤¯
effortless cool,ğŸ˜
not okay at all,ğŸ˜¡
emotional and loving,â¤ï¸
you mean a lot to me,â¤ï¸
jaw dropped,ğŸ˜±
sobbing,ğŸ˜­
cool and confident,ğŸ˜
count me in,ğŸ‘
my heart is full,â¤ï¸
absolutely nasty,ğŸ¤¢
yawning hard,ğŸ˜´
frightening stuff,ğŸ˜±
beyond imagination,ğŸ¤¯
heard it all before,ğŸ™„
well done,ğŸ‘
curious now,ğŸ¤”
crossed the line,ğŸ˜¡
why though?,ğŸ¤”
what does this mean?,ğŸ¤”
love this,ğŸ¥°
I can't breathe from laughing,ğŸ˜‚
can't stop crying,ğŸ˜­
clapping hard,ğŸ‘
can't deal with it,ğŸ˜¡
feeling pure,ğŸ˜‡
haha so good,ğŸ˜‚
you canâ€™t be serious,ğŸ™„
unconditional love,â¤ï¸
oops,ğŸ˜…
that was awesome,ğŸ‘
gross,ğŸ¤¢
that attitude tho,ğŸ˜
what a twist,ğŸ¤¯
perfect,ğŸ‘
good choice,ğŸ‘
ugly crying,ğŸ˜­
dead tired,ğŸ˜´
vibes unmatched,ğŸ˜
feeling unstoppable,ğŸ˜
no way!,ğŸ¤¯
great performance,ğŸ‘
can't believe this,ğŸ˜±
made with love,ğŸ¥°
deep connection,ğŸ¥°
innocent look,ğŸ˜‡
gritting my teeth,ğŸ˜¤
freaked out,ğŸ˜±
lookin' sharp,ğŸ˜
I'm over it,ğŸ™„
I adore you,â¤ï¸
iconic move,ğŸ˜
this is disgusting,ğŸ¤¢
weâ€™re lit,ğŸ¥³
pure soul,ğŸ˜‡
in disbelief,ğŸ˜±
adorable moment,ğŸ˜
can't stand this,ğŸ˜¡
awkward situation,ğŸ˜…
I'm laughing so hard,ğŸ˜‚
correct answer,ğŸ‘
my favorite,ğŸ¥°
endless love,â¤ï¸
grossed out,ğŸ¤¢
so emotional,ğŸ˜¢
such style,ğŸ˜
youâ€™re my everything,â¤ï¸
what a scare,ğŸ˜±
keep it up,ğŸ‘
deep sigh,ğŸ˜¤
emotionally drained,ğŸ˜¢
wounded feelings,ğŸ˜­
roaring applause,ğŸ‘
angry right now,ğŸ˜¡
crying on the floor,ğŸ˜­
beyond belief,ğŸ˜±
out like a light,ğŸ˜´
this cracked me up,ğŸ˜‚
soulful and pure,ğŸ˜‡
painful moment,ğŸ˜¢
I survived,ğŸ˜…
what a shock,ğŸ˜±
donâ€™t care anymore,ğŸ™„
heartbroken deeply,ğŸ˜­
spread the love,ğŸ¥°
let me think,ğŸ¤”
clean conscience,ğŸ˜‡
pure joy,ğŸ¥°
innocence matters,ğŸ˜‡
long day,ğŸ˜´
lost my temper,ğŸ˜¡
just tired,ğŸ˜¤
I'm so mad,ğŸ˜¡
cheering you,ğŸ‘
so boring,ğŸ™„
valid point,ğŸ‘
raise a toast,ğŸ¥³
positive energy,ğŸ¥°
party mode activated,ğŸ¥³
Iâ€™ve had enough,ğŸ™„
so disrespectful,ğŸ˜¡
you're my favorite person,â¤ï¸
emotions flooding,ğŸ˜­
just five more mins,ğŸ˜´
terrified,ğŸ˜±
tears of joy,ğŸ˜‚
blessed behavior,ğŸ˜‡
so proud,ğŸ‘
thatâ€™s dumb,ğŸ™„
unbelievable,ğŸ¤¯
thumbs up from me,ğŸ‘
confetti vibes,ğŸ¥³
barely made it,ğŸ˜…
unexpected outcome,ğŸ¤¯
nasty stuff,ğŸ¤¢
wish I could stop crying,ğŸ˜­
alarmed,ğŸ˜±
peaceful mind,ğŸ˜‡
mentally evaluating,ğŸ¤”
still considering,ğŸ¤”
seriously?,ğŸ™„
annoyed badly,ğŸ˜¤
broken inside,ğŸ˜¢
gonna explode,ğŸ˜¤
alone again,ğŸ˜¢
standing ovation,ğŸ‘
mourning,ğŸ˜­
in my zone,ğŸ˜
so inspiring,ğŸ‘
youâ€™re my type,ğŸ˜
inner peace,ğŸ¥°
never laughed so hard,ğŸ˜‚
feeling festive,ğŸ¥³
stop this nonsense,ğŸ˜¡
you take my breath away,ğŸ˜
eyes wide open,ğŸ˜±
aching inside,ğŸ˜­
good work,ğŸ‘
canâ€™t stop staring,ğŸ˜
on edge,ğŸ˜¤
disrespectful behavior,ğŸ˜¡
barely holding on,ğŸ˜¤
whatever man,ğŸ™„
that smile,ğŸ˜
phew!,ğŸ˜…
that was awkward,ğŸ˜…
dreamy moment,ğŸ˜
why are people like this?,ğŸ˜¡
applause,ğŸ‘
rolling on the floor,ğŸ˜‚
this is huge,ğŸ¥³
yuck,ğŸ¤¢
I'm not okay,ğŸ˜¢
emotions building,ğŸ˜¤
dodged a bullet,ğŸ˜…
warm feelings,ğŸ¥°
heartfelt thanks,â¤ï¸
shining light,ğŸ˜‡
can't eat that,ğŸ¤¢
sugar and spice,ğŸ¥°
cutest post today,ğŸ¥°
so surprised,ğŸ¤¯
need a break,ğŸ˜¤
tears in my eyes,ğŸ˜¢
power move,ğŸ‘
adorbs,ğŸ¥°
level unlocked,ğŸ˜
youâ€™re perfect,ğŸ˜
very hurt,ğŸ˜­
so cute,ğŸ¥°
shattered heart,ğŸ˜­
awesome pick,ğŸ‘
yawn,ğŸ™„
lol,ğŸ˜‚
tears rolling,ğŸ˜­
stomach turning,ğŸ¤¢
you're kidding me,ğŸ˜¡
walking like a legend,ğŸ˜
this makes me angry,ğŸ˜¡
laughing nervously,ğŸ˜…
tears won't stop,ğŸ˜¢
over the moon,ğŸ¥°
yay!!,ğŸ¥³
love this moment,â¤ï¸
this hurts,ğŸ˜¢
this is hilarious,ğŸ˜‚
what a joke,ğŸ˜‚
food poisoning vibes,ğŸ¤¢
funniest post today,ğŸ˜‚
enough is enough,ğŸ˜¡
letâ€™s have fun,ğŸ¥³
processing this,ğŸ¤”
repulsive,ğŸ¤¢
big celebration,ğŸ¥³
furious beyond words,ğŸ˜¡
letâ€™s analyze this,ğŸ¤”
ROFL,ğŸ˜‚
owning it,ğŸ˜
heartbroken,ğŸ˜¢
precious moment,ğŸ¥°
goosebumps,ğŸ˜±
angel in disguise,ğŸ˜‡
that smile tho,ğŸ¥°
miss you so much,ğŸ˜¢
grateful for you,â¤ï¸
well deserved,ğŸ‘
nothing but love,â¤ï¸
need rest,ğŸ˜´
not my proudest moment,ğŸ˜…
this sucks,ğŸ˜¤
grief taking over,ğŸ˜­
that's crazy,ğŸ¤¯
epic moment,ğŸ¤¯
always honest,ğŸ˜‡
so kind,ğŸ˜‡
pure terror,ğŸ˜±
I hate this,ğŸ˜¡
congrats again,ğŸ‘
celebrating you,ğŸ‘
classic move,ğŸ™„
deeply hurt,ğŸ˜¢
heart melting,ğŸ¥°
seen this before,ğŸ™„
pure intentions,ğŸ˜‡
losing control,ğŸ˜¢
time to dance,ğŸ¥³
so unhygienic,ğŸ¤¢
doing the right thing,ğŸ˜‡
never expected that,ğŸ¤¯
almost embarrassing,ğŸ˜…
that hit hard,ğŸ‘
lost it,ğŸ˜¤
doing no harm,ğŸ˜‡
agreed,ğŸ‘
can't express the pain,ğŸ˜­
wish you were here,ğŸ˜¢
feeling sad,ğŸ˜¢
supporting you,ğŸ‘
too much,ğŸ˜‚
zzz,ğŸ˜´
you got it,ğŸ‘
crying from laughter,ğŸ˜‚
a good heart,ğŸ˜‡
so emotional,ğŸ˜­
I'm boiling,ğŸ˜¡
angelic vibes,ğŸ˜‡
exhausted rn,ğŸ˜´
feeling hopeless,ğŸ˜­
scratching my head,ğŸ¤”
what if...?,ğŸ¤”
makes me puke,ğŸ¤¢
bawling,ğŸ˜­
I love you,â¤ï¸
you're the best,ğŸ‘
shocking news,ğŸ¤¯
dozing off,ğŸ˜´
in dreamland,ğŸ˜´
how are you so cute,ğŸ˜
with all my heart,â¤ï¸
so fly,ğŸ˜
letâ€™s celebrate,ğŸ¥³
just being kind,ğŸ˜‡
so typical,ğŸ™„
about to crash,ğŸ˜´
canâ€™t keep my eyes open,ğŸ˜´
never again,ğŸ¤¢
swagger mode,ğŸ˜
trying to decide,ğŸ¤”
overwhelmed with tears,ğŸ˜­
deeply in love,â¤ï¸
you're glowing,ğŸ˜
legendary moment,ğŸ‘
running scared,ğŸ˜±
looking into it,ğŸ¤”
totally pissed off,ğŸ˜¡
what a moment!,ğŸ¥³
this made my day,ğŸ˜‚
absolutely losing it,ğŸ˜‚
I screamed,ğŸ˜±
absolutely furious,ğŸ˜¡
you nailed it,ğŸ˜
so lovely,ğŸ¥°
so many memories,ğŸ˜¢
what just happened?,ğŸ˜±
shocked and shaken,ğŸ˜±
literally me,ğŸ˜‚
smooth and chill,ğŸ˜
nightmare,ğŸ˜±
great job,ğŸ‘
dying of laughter,ğŸ˜‚
in love with this,ğŸ˜
in love again,â¤ï¸
I'm weak,ğŸ˜‚
crowd goes wild,ğŸ‘
burned out,ğŸ˜¤
too funny,ğŸ˜‚
youâ€™re glowing,ğŸ˜
about to vomit,ğŸ¤¢
rage mode,ğŸ˜¡
cutest thing ever,ğŸ˜
morally right,ğŸ˜‡
nicely done,ğŸ‘
forever in my heart,â¤ï¸
yes to this,ğŸ‘
achievement unlocked,ğŸ‘
sending love,â¤ï¸
funniest thing ever,ğŸ˜‚
bravo,ğŸ‘
completely smitten,ğŸ˜
heartwarming,â¤ï¸
eye-roll moment,ğŸ™„
adorable energy,ğŸ¥°
canâ€™t resist you,ğŸ˜
this makes my heart melt,ğŸ˜
happy birthday!,ğŸ¥³
keeping calm barely,ğŸ˜¤
such a vibe,ğŸ¥³
thatâ€™s a good question,ğŸ¤”
no patience left,ğŸ˜¤
cringe moment,ğŸ˜…
go wild,ğŸ¥³
eww,ğŸ¤¢
mind blown,ğŸ¤¯
you did it,ğŸ‘
weighing my options,ğŸ¤”
mad inside,ğŸ˜¤
furious tweet incoming,ğŸ˜¡
smooth operator,ğŸ˜
this again?,ğŸ™„
this is love,ğŸ¥°
nervous laugh,ğŸ˜…
feeling sick,ğŸ¤¢
this startled me,ğŸ˜±
love at first sight,ğŸ˜
no energy left,ğŸ˜´
open for discussion,ğŸ¤”
no words just tears,ğŸ˜¢
rolling my eyes,ğŸ™„
frustrated at max,ğŸ˜¤
excellent job,ğŸ‘
this made me cry,ğŸ˜¢
bedtime vibes,ğŸ˜´
meh,ğŸ™„
what a joke,ğŸ™„
we made it,ğŸ¥³
nap needed,ğŸ˜´
mad vibes,ğŸ˜¡
youâ€™re adorable,ğŸ¥°
internally screaming,ğŸ˜¤
I'm shocked,ğŸ˜±
precious face,ğŸ˜
good deeds only,ğŸ˜‡
outrageous,ğŸ¤¯
horrified,ğŸ˜±
feeling pressure,ğŸ˜¤
barely okay,ğŸ˜…
time for bed,ğŸ˜´
can't deal with this,ğŸ˜¤
snore mode,ğŸ˜´
not again,ğŸ˜…
can't sleep now,ğŸ˜±
feeling the love,â¤ï¸
pop the champagne,ğŸ¥³
exploring ideas,ğŸ¤”
heavy breathing,ğŸ˜¤
pillow calling,ğŸ˜´
cleared!,ğŸ‘
this blew my mind,ğŸ¤¯
fed up with this,ğŸ˜¡
sweetness overload,ğŸ˜
sadness lingers,ğŸ˜¢
solid effort,ğŸ‘
laughing like crazy,ğŸ˜‚
boiling inside,ğŸ˜¤
crying in silence,ğŸ˜­
emotional wreck,ğŸ˜­
here we go again,ğŸ™„
ugh not again,ğŸ™„
it's party time,ğŸ¥³
on thin ice,ğŸ˜…
you rock!,ğŸ¥³
I'm in,ğŸ‘
my stomach hurts,ğŸ˜‚
I messed up,ğŸ˜…
so beautiful,ğŸ˜
crying silently,ğŸ˜¢
blessed with love,â¤ï¸
glowing with kindness,ğŸ˜‡
can we move on?,ğŸ™„
good presentation,ğŸ‘
absolutely wild,ğŸ¤¯
thank you!,ğŸ‘
so proud of you,ğŸ¥³
flabbergasted,ğŸ¤¯
what did I eat?,ğŸ¤¢
deep thoughts only,ğŸ¤”
shaky moment,ğŸ˜…
whatâ€™s the angle?,ğŸ¤”
fully agree,ğŸ‘
mind = blown,ğŸ¤¯
heart eyes mode,ğŸ˜
irritated soul,ğŸ˜¤
wish it was different,ğŸ˜¢
brainstorming,ğŸ¤”
tired beyond belief,ğŸ˜´
all set,ğŸ‘
my heart aches,ğŸ˜¢
smells awful,ğŸ¤¢
too much beauty,ğŸ˜
celebrating you,ğŸ¥³
boss energy,ğŸ˜
done for today,ğŸ˜´
doing good,ğŸ˜‡
eyes popping,ğŸ¤¯
so frustrating,ğŸ˜¤
sweating nervously,ğŸ˜…
what a save,ğŸ˜…
did not see that coming,ğŸ¤¯
thinking deeply,ğŸ¤”
being nice,ğŸ˜‡
confidence goals,ğŸ˜
I feel dizzy,ğŸ¤¢
too good,ğŸ˜
not sure yet,ğŸ¤”
vomit incoming,ğŸ¤¢
totally stunned,ğŸ¤¯
strong move,ğŸ‘
close call,ğŸ˜…
wow just wow,ğŸ¤¯
fed up,ğŸ˜¤
surprise of the year,ğŸ¤¯
whew!,ğŸ˜…
painfully crying,ğŸ˜­
head over heels,ğŸ˜
you did it!,ğŸ¥³
blessing others,ğŸ˜‡
absolutely,ğŸ‘
blushing hard,ğŸ¥°
so sweet,ğŸ¥°
sick vibes,ğŸ¤¢
falling asleep,ğŸ˜´
light and love,ğŸ˜‡
please stop,ğŸ™„
need to understand this,ğŸ¤”
enjoy your day!,ğŸ¥³
panicking,ğŸ˜±
goodnight world,ğŸ˜´
youâ€™re stunning,ğŸ˜
serious crush,ğŸ˜
everything hurts,ğŸ˜­
like a movie star,ğŸ˜
nauseated,ğŸ¤¢
that went wrong,ğŸ˜…
hmm...,ğŸ¤”
what just happened,ğŸ¤¯
ugh that taste,ğŸ¤¢
this is everything,ğŸ˜
angry vibes,ğŸ˜¤
crying hard,ğŸ˜­
interesting thought,ğŸ¤”
round of applause,ğŸ‘
sweetest feeling,â¤ï¸
amazing result,ğŸ‘
my blood is boiling,ğŸ˜¡
overwhelmed,ğŸ¤¯
overwhelmed with sadness,ğŸ˜¢
too sleepy to care,ğŸ˜´
congrats on your win,ğŸ¥³
that was tense,ğŸ˜…
not surprised,ğŸ™„
I'm dead,ğŸ˜‚
all the love,â¤ï¸
so much love,â¤ï¸
predictable,ğŸ™„
so many thoughts,ğŸ¤”
nervous energy,ğŸ˜…
soul is aching,ğŸ˜­
got that aura,ğŸ˜
memories hurt,ğŸ˜¢
this is infuriating,ğŸ˜¡
recharging now,ğŸ˜´
can't handle the cuteness,ğŸ¥°
relieved itâ€™s over,ğŸ˜…
cheers to you,ğŸ¥³
heart skips a beat,â¤ï¸
feels like home,ğŸ¥°
gag reflex,ğŸ¤¢
on point,ğŸ˜
incredible,ğŸ¤¯
this is scary,ğŸ˜±
bad food experience,ğŸ¤¢
can't stop laughing,ğŸ˜‚
stunned,ğŸ˜±
you did it,ğŸ‘
I'm in love,ğŸ˜
so sleepy,ğŸ˜´
approved,ğŸ‘
drip check,ğŸ˜
not impressed,ğŸ™„
gone too soon,ğŸ˜¢
my brain can't handle this,ğŸ¤¯
effortless cool,ğŸ˜
not okay at all,ğŸ˜¡
emotional and loving,â¤ï¸
you mean a lot to me,â¤ï¸
jaw dropped,ğŸ˜±
sobbing,ğŸ˜­
cool and confident,ğŸ˜
count me in,ğŸ‘
my heart is full,â¤ï¸
absolutely nasty,ğŸ¤¢
yawning hard,ğŸ˜´
frightening stuff,ğŸ˜±
beyond imagination,ğŸ¤¯
heard it all before,ğŸ™„
well done,ğŸ‘
curious now,ğŸ¤”
crossed the line,ğŸ˜¡
why though?,ğŸ¤”
what does this mean?,ğŸ¤”
love this,ğŸ¥°
I can't breathe from laughing,ğŸ˜‚
can't stop crying,ğŸ˜­
clapping hard,ğŸ‘
can't deal with it,ğŸ˜¡
feeling pure,ğŸ˜‡
haha so good,ğŸ˜‚
you canâ€™t be serious,ğŸ™„
unconditional love,â¤ï¸
oops,ğŸ˜…
that was awesome,ğŸ‘
gross,ğŸ¤¢
that attitude tho,ğŸ˜
what a twist,ğŸ¤¯
perfect,ğŸ‘
good choice,ğŸ‘
ugly crying,ğŸ˜­
dead tired,ğŸ˜´
vibes unmatched,ğŸ˜
feeling unstoppable,ğŸ˜
no way!,ğŸ¤¯
great performance,ğŸ‘
can't believe this,ğŸ˜±
made with love,ğŸ¥°
deep connection,ğŸ¥°
innocent look,ğŸ˜‡
gritting my teeth,ğŸ˜¤
freaked out,ğŸ˜±
lookin' sharp,ğŸ˜
I'm over it,ğŸ™„
I adore you,â¤ï¸
iconic move,ğŸ˜
this is disgusting,ğŸ¤¢
weâ€™re lit,ğŸ¥³
pure soul,ğŸ˜‡
in disbelief,ğŸ˜±
adorable moment,ğŸ˜
can't stand this,ğŸ˜¡
awkward situation,ğŸ˜…
I'm laughing so hard,ğŸ˜‚
correct answer,ğŸ‘
my favorite,ğŸ¥°
endless love,â¤ï¸
grossed out,ğŸ¤¢
so emotional,ğŸ˜¢
such style,ğŸ˜
youâ€™re my everything,â¤ï¸
what a scare,ğŸ˜±
keep it up,ğŸ‘
deep sigh,ğŸ˜¤
emotionally drained,ğŸ˜¢
wounded feelings,ğŸ˜­
roaring applause,ğŸ‘
angry right now,ğŸ˜¡
crying on the floor,ğŸ˜­
beyond belief,ğŸ˜±
out like a light,ğŸ˜´
this cracked me up,ğŸ˜‚
soulful and pure,ğŸ˜‡
painful moment,ğŸ˜¢
I survived,ğŸ˜…
what a shock,ğŸ˜±
donâ€™t care anymore,ğŸ™„
heartbroken deeply,ğŸ˜­
spread the love,ğŸ¥°
let me think,ğŸ¤”
clean conscience,ğŸ˜‡
pure joy,ğŸ¥°
innocence matters,ğŸ˜‡
long day,ğŸ˜´
lost my temper,ğŸ˜¡
just tired,ğŸ˜¤
I'm so mad,ğŸ˜¡
cheering you,ğŸ‘
so boring,ğŸ™„
valid point,ğŸ‘
raise a toast,ğŸ¥³
positive energy,ğŸ¥°
party mode activated,ğŸ¥³
Iâ€™ve had enough,ğŸ™„
so disrespectful,ğŸ˜¡
you're my favorite person,â¤ï¸
emotions flooding,ğŸ˜­
just five more mins,ğŸ˜´
terrified,ğŸ˜±
tears of joy,ğŸ˜‚
blessed behavior,ğŸ˜‡
so proud,ğŸ‘
thatâ€™s dumb,ğŸ™„
unbelievable,ğŸ¤¯
thumbs up from me,ğŸ‘
confetti vibes,ğŸ¥³
barely made it,ğŸ˜…
unexpected outcome,ğŸ¤¯
nasty stuff,ğŸ¤¢
wish I could stop crying,ğŸ˜­
alarmed,ğŸ˜±
peaceful mind,ğŸ˜‡
mentally evaluating,ğŸ¤”
still considering,ğŸ¤”
seriously?,ğŸ™„
annoyed badly,ğŸ˜¤
broken inside,ğŸ˜¢
gonna explode,ğŸ˜¤
alone again,ğŸ˜¢
standing ovation,ğŸ‘
mourning,ğŸ˜­
in my zone,ğŸ˜
so inspiring,ğŸ‘
youâ€™re my type,ğŸ˜
inner peace,ğŸ¥°
never laughed so hard,ğŸ˜‚
feeling festive,ğŸ¥³
stop this nonsense,ğŸ˜¡
you take my breath away,ğŸ˜
eyes wide open,ğŸ˜±
aching inside,ğŸ˜­
good work,ğŸ‘
canâ€™t stop staring,ğŸ˜
on edge,ğŸ˜¤
disrespectful behavior,ğŸ˜¡
barely holding on,ğŸ˜¤
whatever man,ğŸ™„
that smile,ğŸ˜
phew!,ğŸ˜…
that was awkward,ğŸ˜…
dreamy moment,ğŸ˜
why are people like this?,ğŸ˜¡
applause,ğŸ‘
rolling on the floor,ğŸ˜‚
this is huge,ğŸ¥³
yuck,ğŸ¤¢
I'm not okay,ğŸ˜¢
emotions building,ğŸ˜¤
dodged a bullet,ğŸ˜…
warm feelings,ğŸ¥°
heartfelt thanks,â¤ï¸
shining light,ğŸ˜‡
can't eat that,ğŸ¤¢
sugar and spice,ğŸ¥°
cutest post today,ğŸ¥°
so surprised,ğŸ¤¯
need a break,ğŸ˜¤
tears in my eyes,ğŸ˜¢
power move,ğŸ‘
adorbs,ğŸ¥°
level unlocked,ğŸ˜
youâ€™re perfect,ğŸ˜
very hurt,ğŸ˜­
so cute,ğŸ¥°
shattered heart,ğŸ˜­
awesome pick,ğŸ‘
yawn,ğŸ™„
lol,ğŸ˜‚
tears rolling,ğŸ˜­
stomach turning,ğŸ¤¢
you're kidding me,ğŸ˜¡
walking like a legend,ğŸ˜
this makes me angry,ğŸ˜¡
laughing nervously,ğŸ˜…
tears won't stop,ğŸ˜¢
over the moon,ğŸ¥°
yay!!,ğŸ¥³
love this moment,â¤ï¸
this hurts,ğŸ˜¢
this is hilarious,ğŸ˜‚
what a joke,ğŸ˜‚
food poisoning vibes,ğŸ¤¢
funniest post today,ğŸ˜‚
enough is enough,ğŸ˜¡
letâ€™s have fun,ğŸ¥³
processing this,ğŸ¤”
repulsive,ğŸ¤¢
big celebration,ğŸ¥³
furious beyond words,ğŸ˜¡
letâ€™s analyze this,ğŸ¤”
ROFL,ğŸ˜‚
owning it,ğŸ˜
heartbroken,ğŸ˜¢
precious moment,ğŸ¥°
goosebumps,ğŸ˜±
angel in disguise,ğŸ˜‡
that smile tho,ğŸ¥°
miss you so much,ğŸ˜¢
grateful for you,â¤ï¸
well deserved,ğŸ‘
nothing but love,â¤ï¸
need rest,ğŸ˜´
not my proudest moment,ğŸ˜…
this sucks,ğŸ˜¤
grief taking over,ğŸ˜­
that's crazy,ğŸ¤¯
epic moment,ğŸ¤¯
always honest,ğŸ˜‡
so kind,ğŸ˜‡
pure terror,ğŸ˜±
I hate this,ğŸ˜¡
congrats again,ğŸ‘
celebrating you,ğŸ‘
classic move,ğŸ™„
deeply hurt,ğŸ˜¢
heart melting,ğŸ¥°
seen this before,ğŸ™„
pure intentions,ğŸ˜‡
losing control,ğŸ˜¢
time to dance,ğŸ¥³
so unhygienic,ğŸ¤¢
doing the right thing,ğŸ˜‡
never expected that,ğŸ¤¯
almost embarrassing,ğŸ˜…
that hit hard,ğŸ‘
lost it,ğŸ˜¤
doing no harm,ğŸ˜‡
agreed,ğŸ‘
can't express the pain,ğŸ˜­
wish you were here,ğŸ˜¢
feeling sad,ğŸ˜¢
supporting you,ğŸ‘
too much,ğŸ˜‚
zzz,ğŸ˜´
you got it,ğŸ‘
crying from laughter,ğŸ˜‚
a good heart,ğŸ˜‡
so emotional,ğŸ˜­
I'm boiling,ğŸ˜¡
angelic vibes,ğŸ˜‡
exhausted rn,ğŸ˜´
feeling hopeless,ğŸ˜­
scratching my head,ğŸ¤”
what if...?,ğŸ¤”
makes me puke,ğŸ¤¢
bawling,ğŸ˜­
I love you,â¤ï¸
you're the best,ğŸ‘
shocking news,ğŸ¤¯
dozing off,ğŸ˜´
in dreamland,ğŸ˜´
how are you so cute,ğŸ˜
with all my heart,â¤ï¸
so fly,ğŸ˜
letâ€™s celebrate,ğŸ¥³
just being kind,ğŸ˜‡
so typical,ğŸ™„
about to crash,ğŸ˜´
canâ€™t keep my eyes open,ğŸ˜´
never again,ğŸ¤¢
swagger mode,ğŸ˜
trying to decide,ğŸ¤”
overwhelmed with tears,ğŸ˜­
deeply in love,â¤ï¸
you're glowing,ğŸ˜
legendary moment,ğŸ‘
running scared,ğŸ˜±
looking into it,ğŸ¤”
totally pissed off,ğŸ˜¡
what a moment!,ğŸ¥³
this made my day,ğŸ˜‚
absolutely losing it,ğŸ˜‚
I screamed,ğŸ˜±
absolutely furious,ğŸ˜¡
you nailed it,ğŸ˜
so lovely,ğŸ¥°
so many memories,ğŸ˜¢
what just happened?,ğŸ˜±
shocked and shaken,ğŸ˜±
literally me,ğŸ˜‚
smooth and chill,ğŸ˜
nightmare,ğŸ˜±
great job,ğŸ‘
dying of laughter,ğŸ˜‚
in love with this,ğŸ˜
in love again,â¤ï¸
I'm weak,ğŸ˜‚
crowd goes wild,ğŸ‘
burned out,ğŸ˜¤
too funny,ğŸ˜‚
youâ€™re glowing,ğŸ˜
about to vomit,ğŸ¤¢
rage mode,ğŸ˜¡
cutest thing ever,ğŸ˜
morally right,ğŸ˜‡
nicely done,ğŸ‘
forever in my heart,â¤ï¸
yes to this,ğŸ‘
achievement unlocked,ğŸ‘
sending love,â¤ï¸
funniest thing ever,ğŸ˜‚
bravo,ğŸ‘
completely smitten,ğŸ˜
heartwarming,â¤ï¸
eye-roll moment,ğŸ™„
adorable energy,ğŸ¥°
canâ€™t resist you,ğŸ˜
this makes my heart melt,ğŸ˜
happy birthday!,ğŸ¥³
keeping calm barely,ğŸ˜¤
such a vibe,ğŸ¥³
thatâ€™s a good question,ğŸ¤”
no patience left,ğŸ˜¤
cringe moment,ğŸ˜…
go wild,ğŸ¥³
eww,ğŸ¤¢
mind blown,ğŸ¤¯
you did it,ğŸ‘
weighing my options,ğŸ¤”
mad inside,ğŸ˜¤
furious tweet incoming,ğŸ˜¡
smooth operator,ğŸ˜
this again?,ğŸ™„
this is love,ğŸ¥°
nervous laugh,ğŸ˜…
feeling sick,ğŸ¤¢
this startled me,ğŸ˜±
love at first sight,ğŸ˜
no energy left,ğŸ˜´
open for discussion,ğŸ¤”
no words just tears,ğŸ˜¢
rolling my eyes,ğŸ™„
frustrated at max,ğŸ˜¤
excellent job,ğŸ‘
this made me cry,ğŸ˜¢
bedtime vibes,ğŸ˜´
meh,ğŸ™„
what a joke,ğŸ™„
we made it,ğŸ¥³
nap needed,ğŸ˜´
mad vibes,ğŸ˜¡
youâ€™re adorable,ğŸ¥°
internally screaming,ğŸ˜¤
I'm shocked,ğŸ˜±
precious face,ğŸ˜
good deeds only,ğŸ˜‡
outrageous,ğŸ¤¯
horrified,ğŸ˜±
feeling pressure,ğŸ˜¤
barely okay,ğŸ˜…
time for bed,ğŸ˜´
can't deal with this,ğŸ˜¤
snore mode,ğŸ˜´
not again,ğŸ˜…
can't sleep now,ğŸ˜±
feeling the love,â¤ï¸
pop the champagne,ğŸ¥³
exploring ideas,ğŸ¤”
heavy breathing,ğŸ˜¤
pillow calling,ğŸ˜´
cleared!,ğŸ‘
this blew my mind,ğŸ¤¯
fed up with this,ğŸ˜¡
sweetness overload,ğŸ˜
sadness lingers,ğŸ˜¢
solid effort,ğŸ‘
laughing like crazy,ğŸ˜‚
boiling inside,ğŸ˜¤
crying in silence,ğŸ˜­
emotional wreck,ğŸ˜­
here we go again,ğŸ™„
ugh not again,ğŸ™„
it's party time,ğŸ¥³
on thin ice,ğŸ˜…
you rock!,ğŸ¥³
I'm in,ğŸ‘
my stomach hurts,ğŸ˜‚
I messed up,ğŸ˜…
so beautiful,ğŸ˜
crying silently,ğŸ˜¢
blessed with love,â¤ï¸
glowing with kindness,ğŸ˜‡
can we move on?,ğŸ™„
good presentation,ğŸ‘
absolutely wild,ğŸ¤¯
thank you!,ğŸ‘
so proud of you,ğŸ¥³
flabbergasted,ğŸ¤¯
what did I eat?,ğŸ¤¢
deep thoughts only,ğŸ¤”
shaky moment,ğŸ˜…
whatâ€™s the angle?,ğŸ¤”
fully agree,ğŸ‘
mind = blown,ğŸ¤¯
heart eyes mode,ğŸ˜
irritated soul,ğŸ˜¤
wish it was different,ğŸ˜¢
brainstorming,ğŸ¤”
tired beyond belief,ğŸ˜´
all set,ğŸ‘
my heart aches,ğŸ˜¢
smells awful,ğŸ¤¢
too much beauty,ğŸ˜
celebrating you,ğŸ¥³
boss energy,ğŸ˜
done for today,ğŸ˜´
doing good,ğŸ˜‡
eyes popping,ğŸ¤¯
so frustrating,ğŸ˜¤
sweating nervously,ğŸ˜…
what a save,ğŸ˜…
did not see that coming,ğŸ¤¯
thinking deeply,ğŸ¤”
being nice,ğŸ˜‡
confidence goals,ğŸ˜
I feel dizzy,ğŸ¤¢
too good,ğŸ˜
not sure yet,ğŸ¤”
vomit incoming,ğŸ¤¢
totally stunned,ğŸ¤¯
strong move,ğŸ‘
close call,ğŸ˜…
wow just wow,ğŸ¤¯
fed up,ğŸ˜¤
surprise of the year,ğŸ¤¯
whew!,ğŸ˜…
painfully crying,ğŸ˜­
head over heels,ğŸ˜
you did it!,ğŸ¥³
blessing others,ğŸ˜‡
absolutely,ğŸ‘
blushing hard,ğŸ¥°
so sweet,ğŸ¥°
sick vibes,ğŸ¤¢
falling asleep,ğŸ˜´
light and love,ğŸ˜‡
please stop,ğŸ™„
need to understand this,ğŸ¤”
enjoy your day!,ğŸ¥³
panicking,ğŸ˜±
goodnight world,ğŸ˜´
youâ€™re stunning,ğŸ˜
serious crush,ğŸ˜
everything hurts,ğŸ˜­
like a movie star,ğŸ˜
nauseated,ğŸ¤¢
that went wrong,ğŸ˜…
hmm...,ğŸ¤”
what just happened,ğŸ¤¯
ugh that taste,ğŸ¤¢
this is everything,ğŸ˜
angry vibes,ğŸ˜¤
crying hard,ğŸ˜­
interesting thought,ğŸ¤”
round of applause,ğŸ‘
sweetest feeling,â¤ï¸
amazing result,ğŸ‘
my blood is boiling,ğŸ˜¡
overwhelmed,ğŸ¤¯
overwhelmed with sadness,ğŸ˜¢
too sleepy to care,ğŸ˜´
congrats on your win,ğŸ¥³
that was tense,ğŸ˜…
not surprised,ğŸ™„
I'm dead,ğŸ˜‚
all the love,â¤ï¸
so much love,â¤ï¸
predictable,ğŸ™„
so many thoughts,ğŸ¤”
nervous energy,ğŸ˜…
soul is aching,ğŸ˜­
got that aura,ğŸ˜
memories hurt,ğŸ˜¢
this is infuriating,ğŸ˜¡
recharging now,ğŸ˜´
can't handle the cuteness,ğŸ¥°
relieved itâ€™s over,ğŸ˜…
cheers to you,ğŸ¥³
heart skips a beat,â¤ï¸
feels like home,ğŸ¥°
gag reflex,ğŸ¤¢
on point,ğŸ˜
incredible,ğŸ¤¯
this is scary,ğŸ˜±
bad food experience,ğŸ¤¢
can't stop laughing,ğŸ˜‚
stunned,ğŸ˜±
you did it,ğŸ‘
I'm in love,ğŸ˜
so sleepy,ğŸ˜´
approved,ğŸ‘
drip check,ğŸ˜
not impressed,ğŸ™„
gone too soon,ğŸ˜¢
my brain can't handle this,ğŸ¤¯
effortless cool,ğŸ˜
not okay at all,ğŸ˜¡
emotional and loving,â¤ï¸
you mean a lot to me,â¤ï¸
jaw dropped,ğŸ˜±
sobbing,ğŸ˜­
cool and confident,ğŸ˜
count me in,ğŸ‘
my heart is full,â¤ï¸
absolutely nasty,ğŸ¤¢
yawning hard,ğŸ˜´
frightening stuff,ğŸ˜±
beyond imagination,ğŸ¤¯
heard it all before,ğŸ™„
well done,ğŸ‘
curious now,ğŸ¤”
crossed the line,ğŸ˜¡
why though?,ğŸ¤”
what does this mean?,ğŸ¤”
love this,ğŸ¥°
I can't breathe from laughing,ğŸ˜‚
can't stop crying,ğŸ˜­
clapping hard,ğŸ‘
can't deal with it,ğŸ˜¡
feeling pure,ğŸ˜‡
haha so good,ğŸ˜‚
you canâ€™t be serious,ğŸ™„
unconditional love,â¤ï¸
oops,ğŸ˜…
that was awesome,ğŸ‘
gross,ğŸ¤¢
that attitude tho,ğŸ˜
what a twist,ğŸ¤¯
perfect,ğŸ‘
good choice,ğŸ‘
ugly crying,ğŸ˜­
dead tired,ğŸ˜´
vibes unmatched,ğŸ˜
feeling unstoppable,ğŸ˜
no way!,ğŸ¤¯
great performance,ğŸ‘
can't believe this,ğŸ˜±
made with love,ğŸ¥°
deep connection,ğŸ¥°
innocent look,ğŸ˜‡
gritting my teeth,ğŸ˜¤
freaked out,ğŸ˜±
lookin' sharp,ğŸ˜
I'm over it,ğŸ™„
I adore you,â¤ï¸
iconic move,ğŸ˜
this is disgusting,ğŸ¤¢
weâ€™re lit,ğŸ¥³
pure soul,ğŸ˜‡
in disbelief,ğŸ˜±
adorable moment,ğŸ˜
can't stand this,ğŸ˜¡
awkward situation,ğŸ˜…
I'm laughing so hard,ğŸ˜‚
correct answer,ğŸ‘
my favorite,ğŸ¥°
endless love,â¤ï¸
grossed out,ğŸ¤¢
so emotional,ğŸ˜¢
such style,ğŸ˜
youâ€™re my everything,â¤ï¸
what a scare,ğŸ˜±
keep it up,ğŸ‘
deep sigh,ğŸ˜¤
emotionally drained,ğŸ˜¢
wounded feelings,ğŸ˜­
roaring applause,ğŸ‘
angry right now,ğŸ˜¡
crying on the floor,ğŸ˜­
beyond belief,ğŸ˜±
out like a light,ğŸ˜´
this cracked me up,ğŸ˜‚
soulful and pure,ğŸ˜‡
painful moment,ğŸ˜¢
I survived,ğŸ˜…
what a shock,ğŸ˜±
donâ€™t care anymore,ğŸ™„
heartbroken deeply,ğŸ˜­
spread the love,ğŸ¥°
let me think,ğŸ¤”
clean conscience,ğŸ˜‡
pure joy,ğŸ¥°
innocence matters,ğŸ˜‡
long day,ğŸ˜´
lost my temper,ğŸ˜¡
just tired,ğŸ˜¤
I'm so mad,ğŸ˜¡
cheering you,ğŸ‘
so boring,ğŸ™„
valid point,ğŸ‘
raise a toast,ğŸ¥³
positive energy,ğŸ¥°
party mode activated,ğŸ¥³
Iâ€™ve had enough,ğŸ™„
so disrespectful,ğŸ˜¡
you're my favorite person,â¤ï¸
emotions flooding,ğŸ˜­
just five more mins,ğŸ˜´
terrified,ğŸ˜±
tears of joy,ğŸ˜‚
blessed behavior,ğŸ˜‡
so proud,ğŸ‘
thatâ€™s dumb,ğŸ™„
unbelievable,ğŸ¤¯
thumbs up from me,ğŸ‘
confetti vibes,ğŸ¥³
barely made it,ğŸ˜…
unexpected outcome,ğŸ¤¯
nasty stuff,ğŸ¤¢
wish I could stop crying,ğŸ˜­
alarmed,ğŸ˜±
peaceful mind,ğŸ˜‡
mentally evaluating,ğŸ¤”
still considering,ğŸ¤”
seriously?,ğŸ™„
annoyed badly,ğŸ˜¤
broken inside,ğŸ˜¢
gonna explode,ğŸ˜¤
alone again,ğŸ˜¢
standing ovation,ğŸ‘
mourning,ğŸ˜­
in my zone,ğŸ˜
so inspiring,ğŸ‘
youâ€™re my type,ğŸ˜
inner peace,ğŸ¥°
never laughed so hard,ğŸ˜‚
feeling festive,ğŸ¥³
stop this nonsense,ğŸ˜¡
you take my breath away,ğŸ˜
eyes wide open,ğŸ˜±
aching inside,ğŸ˜­
good work,ğŸ‘
canâ€™t stop staring,ğŸ˜
on edge,ğŸ˜¤
disrespectful behavior,ğŸ˜¡
barely holding on,ğŸ˜¤
whatever man,ğŸ™„
that smile,ğŸ˜
phew!,ğŸ˜…
that was awkward,ğŸ˜…
dreamy moment,ğŸ˜
why are people like this?,ğŸ˜¡
applause,ğŸ‘
rolling on the floor,ğŸ˜‚
this is huge,ğŸ¥³
yuck,ğŸ¤¢
I'm not okay,ğŸ˜¢
emotions building,ğŸ˜¤
dodged a bullet,ğŸ˜…
warm feelings,ğŸ¥°
heartfelt thanks,â¤ï¸
shining light,ğŸ˜‡
can't eat that,ğŸ¤¢
sugar and spice,ğŸ¥°
cutest post today,ğŸ¥°
so surprised,ğŸ¤¯
need a break,ğŸ˜¤
tears in my eyes,ğŸ˜¢
power move,ğŸ‘
adorbs,ğŸ¥°
level unlocked,ğŸ˜
youâ€™re perfect,ğŸ˜
very hurt,ğŸ˜­
so cute,ğŸ¥°
shattered heart,ğŸ˜­
awesome pick,ğŸ‘
yawn,ğŸ™„
lol,ğŸ˜‚
tears rolling,ğŸ˜­
stomach turning,ğŸ¤¢
you're kidding me,ğŸ˜¡
walking like a legend,ğŸ˜
this makes me angry,ğŸ˜¡
laughing nervously,ğŸ˜…
tears won't stop,ğŸ˜¢
over the moon,ğŸ¥°
yay!!,ğŸ¥³
love this moment,â¤ï¸
this hurts,ğŸ˜¢
this is hilarious,ğŸ˜‚
what a joke,ğŸ˜‚
food poisoning vibes,ğŸ¤¢
funniest post today,ğŸ˜‚
enough is enough,ğŸ˜¡
letâ€™s have fun,ğŸ¥³
processing this,ğŸ¤”
repulsive,ğŸ¤¢
big celebration,ğŸ¥³
furious beyond words,ğŸ˜¡
letâ€™s analyze this,ğŸ¤”
ROFL,ğŸ˜‚
owning it,ğŸ˜
heartbroken,ğŸ˜¢
precious moment,ğŸ¥°
goosebumps,ğŸ˜±
angel in disguise,ğŸ˜‡
that smile tho,ğŸ¥°
miss you so much,ğŸ˜¢
grateful for you,â¤ï¸
well deserved,ğŸ‘
nothing but love,â¤ï¸
need rest,ğŸ˜´
not my proudest moment,ğŸ˜…
this sucks,ğŸ˜¤
grief taking over,ğŸ˜­
that's crazy,ğŸ¤¯
epic moment,ğŸ¤¯
always honest,ğŸ˜‡
so kind,ğŸ˜‡
pure terror,ğŸ˜±
I hate this,ğŸ˜¡
congrats again,ğŸ‘
celebrating you,ğŸ‘
classic move,ğŸ™„
deeply hurt,ğŸ˜¢
heart melting,ğŸ¥°
seen this before,ğŸ™„
pure intentions,ğŸ˜‡
losing control,ğŸ˜¢
time to dance,ğŸ¥³
so unhygienic,ğŸ¤¢
doing the right thing,ğŸ˜‡
never expected that,ğŸ¤¯
almost embarrassing,ğŸ˜…
that hit hard,ğŸ‘
lost it,ğŸ˜¤
doing no harm,ğŸ˜‡
agreed,ğŸ‘
can't express the pain,ğŸ˜­
wish you were here,ğŸ˜¢
feeling sad,ğŸ˜¢
supporting you,ğŸ‘
too much,ğŸ˜‚
zzz,ğŸ˜´
you got it,ğŸ‘
crying from laughter,ğŸ˜‚
a good heart,ğŸ˜‡
so emotional,ğŸ˜­
I'm boiling,ğŸ˜¡
angelic vibes,ğŸ˜‡
exhausted rn,ğŸ˜´
feeling hopeless,ğŸ˜­
scratching my head,ğŸ¤”
what if...?,ğŸ¤”
makes me puke,ğŸ¤¢
bawling,ğŸ˜­
I love you,â¤ï¸
you're the best,ğŸ‘
shocking news,ğŸ¤¯
dozing off,ğŸ˜´
in dreamland,ğŸ˜´
how are you so cute,ğŸ˜
with all my heart,â¤ï¸
so fly,ğŸ˜
letâ€™s celebrate,ğŸ¥³
just being kind,ğŸ˜‡
so typical,ğŸ™„
about to crash,ğŸ˜´
canâ€™t keep my eyes open,ğŸ˜´
never again,ğŸ¤¢
swagger mode,ğŸ˜
trying to decide,ğŸ¤”
overwhelmed with tears,ğŸ˜­
deeply in love,â¤ï¸
you're glowing,ğŸ˜
legendary moment,ğŸ‘
running scared,ğŸ˜±
looking into it,ğŸ¤”
totally pissed off,ğŸ˜¡
what a moment!,ğŸ¥³
this made my day,ğŸ˜‚
absolutely losing it,ğŸ˜‚
I screamed,ğŸ˜±
absolutely furious,ğŸ˜¡
you nailed it,ğŸ˜
so lovely,ğŸ¥°
so many memories,ğŸ˜¢
what just happened?,ğŸ˜±
shocked and shaken,ğŸ˜±
literally me,ğŸ˜‚
smooth and chill,ğŸ˜
nightmare,ğŸ˜±
great job,ğŸ‘
dying of laughter,ğŸ˜‚
in love with this,ğŸ˜
in love again,â¤ï¸
I'm weak,ğŸ˜‚
crowd goes wild,ğŸ‘
burned out,ğŸ˜¤
too funny,ğŸ˜‚
youâ€™re glowing,ğŸ˜
about to vomit,ğŸ¤¢
rage mode,ğŸ˜¡
cutest thing ever,ğŸ˜
morally right,ğŸ˜‡
nicely done,ğŸ‘
forever in my heart,â¤ï¸
yes to this,ğŸ‘
achievement unlocked,ğŸ‘
sending love,â¤ï¸
funniest thing ever,ğŸ˜‚
bravo,ğŸ‘
completely smitten,ğŸ˜
heartwarming,â¤ï¸
eye-roll moment,ğŸ™„
adorable energy,ğŸ¥°
canâ€™t resist you,ğŸ˜
this makes my heart melt,ğŸ˜
happy birthday!,ğŸ¥³
keeping calm barely,ğŸ˜¤
such a vibe,ğŸ¥³
thatâ€™s a good question,ğŸ¤”
no patience left,ğŸ˜¤
cringe moment,ğŸ˜…
go wild,ğŸ¥³
eww,ğŸ¤¢
mind blown,ğŸ¤¯
you did it,ğŸ‘
weighing my options,ğŸ¤”
mad inside,ğŸ˜¤
furious tweet incoming,ğŸ˜¡
smooth operator,ğŸ˜
this again?,ğŸ™„
this is love,ğŸ¥°
nervous laugh,ğŸ˜…
feeling sick,ğŸ¤¢
this startled me,ğŸ˜±
love at first sight,ğŸ˜
no energy left,ğŸ˜´
open for discussion,ğŸ¤”
no words just tears,ğŸ˜¢
rolling my eyes,ğŸ™„
frustrated at max,ğŸ˜¤
excellent job,ğŸ‘
this made me cry,ğŸ˜¢
bedtime vibes,ğŸ˜´
meh,ğŸ™„
what a joke,ğŸ™„
we made it,ğŸ¥³
nap needed,ğŸ˜´
mad vibes,ğŸ˜¡
youâ€™re adorable,ğŸ¥°
internally screaming,ğŸ˜¤
I'm shocked,ğŸ˜±
precious face,ğŸ˜
good deeds only,ğŸ˜‡
outrageous,ğŸ¤¯
horrified,ğŸ˜±
feeling pressure,ğŸ˜¤
barely okay,ğŸ˜…
time for bed,ğŸ˜´
can't deal with this,ğŸ˜¤
snore mode,ğŸ˜´
not again,ğŸ˜…
can't sleep now,ğŸ˜±
feeling the love,â¤ï¸
pop the champagne,ğŸ¥³
exploring ideas,ğŸ¤”
heavy breathing,ğŸ˜¤
pillow calling,ğŸ˜´
cleared!,ğŸ‘
this blew my mind,ğŸ¤¯
fed up with this,ğŸ˜¡
sweetness overload,ğŸ˜
sadness lingers,ğŸ˜¢
solid effort,ğŸ‘
laughing like crazy,ğŸ˜‚
boiling inside,ğŸ˜¤
crying in silence,ğŸ˜­
emotional wreck,ğŸ˜­
here we go again,ğŸ™„
ugh not again,ğŸ™„
it's party time,ğŸ¥³
on thin ice,ğŸ˜…
you rock!,ğŸ¥³
I'm in,ğŸ‘
my stomach hurts,ğŸ˜‚
I messed up,ğŸ˜…
so beautiful,ğŸ˜
crying silently,ğŸ˜¢
blessed with love,â¤ï¸
glowing with kindness,ğŸ˜‡
can we move on?,ğŸ™„
good presentation,ğŸ‘
absolutely wild,ğŸ¤¯
thank you!,ğŸ‘
so proud of you,ğŸ¥³
flabbergasted,ğŸ¤¯
what did I eat?,ğŸ¤¢
deep thoughts only,ğŸ¤”
shaky moment,ğŸ˜…
whatâ€™s the angle?,ğŸ¤”
fully agree,ğŸ‘
mind = blown,ğŸ¤¯
heart eyes mode,ğŸ˜
irritated soul,ğŸ˜¤
wish it was different,ğŸ˜¢
brainstorming,ğŸ¤”
tired beyond belief,ğŸ˜´
all set,ğŸ‘
my heart aches,ğŸ˜¢
smells awful,ğŸ¤¢
too much beauty,ğŸ˜
celebrating you,ğŸ¥³
boss energy,ğŸ˜
done for today,ğŸ˜´
doing good,ğŸ˜‡
eyes popping,ğŸ¤¯
so frustrating,ğŸ˜¤
sweating nervously,ğŸ˜…
what a save,ğŸ˜…
did not see that coming,ğŸ¤¯
thinking deeply,ğŸ¤”
being nice,ğŸ˜‡
confidence goals,ğŸ˜
I feel dizzy,ğŸ¤¢
too good,ğŸ˜
not sure yet,ğŸ¤”
vomit incoming,ğŸ¤¢
totally stunned,ğŸ¤¯
strong move,ğŸ‘
close call,ğŸ˜…
wow just wow,ğŸ¤¯
fed up,ğŸ˜¤
surprise of the year,ğŸ¤¯
whew!,ğŸ˜…
painfully crying,ğŸ˜­
head over heels,ğŸ˜
you did it!,ğŸ¥³
blessing others,ğŸ˜‡
absolutely,ğŸ‘
blushing hard,ğŸ¥°
so sweet,ğŸ¥°
sick vibes,ğŸ¤¢
falling asleep,ğŸ˜´
light and love,ğŸ˜‡
please stop,ğŸ™„
need to understand this,ğŸ¤”
enjoy your day!,ğŸ¥³
panicking,ğŸ˜±
goodnight world,ğŸ˜´
youâ€™re stunning,ğŸ˜
serious crush,ğŸ˜
everything hurts,ğŸ˜­
like a movie star,ğŸ˜
nauseated,ğŸ¤¢
that went wrong,ğŸ˜…
hmm...,ğŸ¤”
what just happened,ğŸ¤¯
ugh that taste,ğŸ¤¢
this is everything,ğŸ˜
angry vibes,ğŸ˜¤
crying hard,ğŸ˜­
interesting thought,ğŸ¤”
round of applause,ğŸ‘
sweetest feeling,â¤ï¸
amazing result,ğŸ‘
my blood is boiling,ğŸ˜¡
overwhelmed,ğŸ¤¯
overwhelmed with sadness,ğŸ˜¢
too sleepy to care,ğŸ˜´
congrats on your win,ğŸ¥³
that was tense,ğŸ˜…
not surprised,ğŸ™„
I'm dead,ğŸ˜‚
all the love,â¤ï¸
so much love,â¤ï¸
predictable,ğŸ™„
so many thoughts,ğŸ¤”
nervous energy,ğŸ˜…
soul is aching,ğŸ˜­
got that aura,ğŸ˜
memories hurt,ğŸ˜¢
this is infuriating,ğŸ˜¡
recharging now,ğŸ˜´
can't handle the cuteness,ğŸ¥°
relieved itâ€™s over,ğŸ˜…
cheers to you,ğŸ¥³
heart skips a beat,â¤ï¸
feels like home,ğŸ¥°
gag reflex,ğŸ¤¢
on point,ğŸ˜
incredible,ğŸ¤¯
this is scary,ğŸ˜±
bad food experience,ğŸ¤¢
can't stop laughing,ğŸ˜‚
stunned,ğŸ˜±
you did it,ğŸ‘
I'm in love,ğŸ˜
so sleepy,ğŸ˜´
approved,ğŸ‘
drip check,ğŸ˜
not impressed,ğŸ™„
gone too soon,ğŸ˜¢
my brain can't handle this,ğŸ¤¯
effortless cool,ğŸ˜
not okay at all,ğŸ˜¡
emotional and loving,â¤ï¸
you mean a lot to me,â¤ï¸
jaw dropped,ğŸ˜±
sobbing,ğŸ˜­
cool and confident,ğŸ˜
count me in,ğŸ‘
my heart is full,â¤ï¸
absolutely nasty,ğŸ¤¢
yawning hard,ğŸ˜´
frightening stuff,ğŸ˜±
beyond imagination,ğŸ¤¯
heard it all before,ğŸ™„
well done,ğŸ‘
curious now,ğŸ¤”
crossed the line,ğŸ˜¡
why though?,ğŸ¤”
what does this mean?,ğŸ¤”
love this,ğŸ¥°
I can't breathe from laughing,ğŸ˜‚
can't stop crying,ğŸ˜­
clapping hard,ğŸ‘
can't deal with it,ğŸ˜¡
feeling pure,ğŸ˜‡
haha so good,ğŸ˜‚
you canâ€™t be serious,ğŸ™„
unconditional love,â¤ï¸
oops,ğŸ˜…
that was awesome,ğŸ‘
gross,ğŸ¤¢
that attitude tho,ğŸ˜
what a twist,ğŸ¤¯
perfect,ğŸ‘
good choice,ğŸ‘
ugly crying,ğŸ˜­
dead tired,ğŸ˜´
vibes unmatched,ğŸ˜
feeling unstoppable,ğŸ˜
no way!,ğŸ¤¯
great performance,ğŸ‘
can't believe this,ğŸ˜±
made with love,ğŸ¥°
deep connection,ğŸ¥°
innocent look,ğŸ˜‡
gritting my teeth,ğŸ˜¤
freaked out,ğŸ˜±
lookin' sharp,ğŸ˜
I'm over it,ğŸ™„
I adore you,â¤ï¸
iconic move,ğŸ˜
this is disgusting,ğŸ¤¢
weâ€™re lit,ğŸ¥³
pure soul,ğŸ˜‡
in disbelief,ğŸ˜±
adorable moment,ğŸ˜
can't stand this,ğŸ˜¡
awkward situation,ğŸ˜…
I'm laughing so hard,ğŸ˜‚
correct answer,ğŸ‘
my favorite,ğŸ¥°
endless love,â¤ï¸
grossed out,ğŸ¤¢
so emotional,ğŸ˜¢
such style,ğŸ˜
youâ€™re my everything,â¤ï¸
what a scare,ğŸ˜±
keep it up,ğŸ‘
deep sigh,ğŸ˜¤
emotionally drained,ğŸ˜¢
wounded feelings,ğŸ˜­
roaring applause,ğŸ‘
angry right now,ğŸ˜¡
crying on the floor,ğŸ˜­
beyond belief,ğŸ˜±
out like a light,ğŸ˜´
this cracked me up,ğŸ˜‚
soulful and pure,ğŸ˜‡
painful moment,ğŸ˜¢
I survived,ğŸ˜…
what a shock,ğŸ˜±
donâ€™t care anymore,ğŸ™„
heartbroken deeply,ğŸ˜­
spread the love,ğŸ¥°
let me think,ğŸ¤”
clean conscience,ğŸ˜‡
pure joy,ğŸ¥°
innocence matters,ğŸ˜‡
long day,ğŸ˜´
lost my temper,ğŸ˜¡
just tired,ğŸ˜¤
I'm so mad,ğŸ˜¡
cheering you,ğŸ‘
so boring,ğŸ™„
valid point,ğŸ‘
raise a toast,ğŸ¥³
positive energy,ğŸ¥°
party mode activated,ğŸ¥³
Iâ€™ve had enough,ğŸ™„
so disrespectful,ğŸ˜¡
you're my favorite person,â¤ï¸
emotions flooding,ğŸ˜­
just five more mins,ğŸ˜´
terrified,ğŸ˜±
tears of joy,ğŸ˜‚
blessed behavior,ğŸ˜‡
so proud,ğŸ‘
thatâ€™s dumb,ğŸ™„
unbelievable,ğŸ¤¯
thumbs up from me,ğŸ‘
confetti vibes,ğŸ¥³
barely made it,ğŸ˜…
unexpected outcome,ğŸ¤¯
nasty stuff,ğŸ¤¢
wish I could stop crying,ğŸ˜­
alarmed,ğŸ˜±
peaceful mind,ğŸ˜‡
mentally evaluating,ğŸ¤”
still considering,ğŸ¤”
seriously?,ğŸ™„
annoyed badly,ğŸ˜¤
broken inside,ğŸ˜¢
gonna explode,ğŸ˜¤
alone again,ğŸ˜¢
standing ovation,ğŸ‘
mourning,ğŸ˜­
in my zone,ğŸ˜
so inspiring,ğŸ‘
youâ€™re my type,ğŸ˜
inner peace,ğŸ¥°
never laughed so hard,ğŸ˜‚
feeling festive,ğŸ¥³
stop this nonsense,ğŸ˜¡
you take my breath away,ğŸ˜
eyes wide open,ğŸ˜±
aching inside,ğŸ˜­
good work,ğŸ‘
canâ€™t stop staring,ğŸ˜
on edge,ğŸ˜¤
disrespectful behavior,ğŸ˜¡
barely holding on,ğŸ˜¤
whatever man,ğŸ™„
that smile,ğŸ˜
phew!,ğŸ˜…
that was awkward,ğŸ˜…
dreamy moment,ğŸ˜
why are people like this?,ğŸ˜¡
applause,ğŸ‘
rolling on the floor,ğŸ˜‚
this is huge,ğŸ¥³
yuck,ğŸ¤¢
I'm not okay,ğŸ˜¢
emotions building,ğŸ˜¤
dodged a bullet,ğŸ˜…
warm feelings,ğŸ¥°
heartfelt thanks,â¤ï¸
shining light,ğŸ˜‡
can't eat that,ğŸ¤¢
sugar and spice,ğŸ¥°
cutest post today,ğŸ¥°
so surprised,ğŸ¤¯
need a break,ğŸ˜¤
tears in my eyes,ğŸ˜¢
power move,ğŸ‘
adorbs,ğŸ¥°
level unlocked,ğŸ˜
youâ€™re perfect,ğŸ˜
very hurt,ğŸ˜­
so cute,ğŸ¥°
shattered heart,ğŸ˜­
awesome pick,ğŸ‘
yawn,ğŸ™„
lol,ğŸ˜‚
tears rolling,ğŸ˜­
stomach turning,ğŸ¤¢
you're kidding me,ğŸ˜¡
walking like a legend,ğŸ˜
this makes me angry,ğŸ˜¡
laughing nervously,ğŸ˜…
tears won't stop,ğŸ˜¢
over the moon,ğŸ¥°
yay!!,ğŸ¥³
love this moment,â¤ï¸
this hurts,ğŸ˜¢
this is hilarious,ğŸ˜‚
what a joke,ğŸ˜‚
food poisoning vibes,ğŸ¤¢
funniest post today,ğŸ˜‚
enough is enough,ğŸ˜¡
letâ€™s have fun,ğŸ¥³
processing this,ğŸ¤”
repulsive,ğŸ¤¢
big celebration,ğŸ¥³
furious beyond words,ğŸ˜¡
letâ€™s analyze this,ğŸ¤”
ROFL,ğŸ˜‚
owning it,ğŸ˜
heartbroken,ğŸ˜¢
precious moment,ğŸ¥°
goosebumps,ğŸ˜±
angel in disguise,ğŸ˜‡
that smile tho,ğŸ¥°
miss you so much,ğŸ˜¢
grateful for you,â¤ï¸
well deserved,ğŸ‘
nothing but love,â¤ï¸
need rest,ğŸ˜´
not my proudest moment,ğŸ˜…
this sucks,ğŸ˜¤
grief taking over,ğŸ˜­
that's crazy,ğŸ¤¯
epic moment,ğŸ¤¯
always honest,ğŸ˜‡
so kind,ğŸ˜‡
pure terror,ğŸ˜±
I hate this,ğŸ˜¡
congrats again,ğŸ‘
celebrating you,ğŸ‘
classic move,ğŸ™„
deeply hurt,ğŸ˜¢
heart melting,ğŸ¥°
seen this before,ğŸ™„
pure intentions,ğŸ˜‡
losing control,ğŸ˜¢
time to dance,ğŸ¥³
so unhygienic,ğŸ¤¢
doing the right thing,ğŸ˜‡
never expected that,ğŸ¤¯
almost embarrassing,ğŸ˜…
that hit hard,ğŸ‘
lost it,ğŸ˜¤
doing no harm,ğŸ˜‡
agreed,ğŸ‘
can't express the pain,ğŸ˜­
wish you were here,ğŸ˜¢
feeling sad,ğŸ˜¢
supporting you,ğŸ‘
too much,ğŸ˜‚
zzz,ğŸ˜´
you got it,ğŸ‘
crying from laughter,ğŸ˜‚
a good heart,ğŸ˜‡
so emotional,ğŸ˜­
I'm boiling,ğŸ˜¡
angelic vibes,ğŸ˜‡
exhausted rn,ğŸ˜´
feeling hopeless,ğŸ˜­
scratching my head,ğŸ¤”
what if...?,ğŸ¤”
makes me puke,ğŸ¤¢
bawling,ğŸ˜­
I love you,â¤ï¸
you're the best,ğŸ‘
shocking news,ğŸ¤¯
dozing off,ğŸ˜´
in dreamland,ğŸ˜´
how are you so cute,ğŸ˜
with all my heart,â¤ï¸
so fly,ğŸ˜
letâ€™s celebrate,ğŸ¥³
just being kind,ğŸ˜‡
so typical,ğŸ™„
about to crash,ğŸ˜´
canâ€™t keep my eyes open,ğŸ˜´
never again,ğŸ¤¢
swagger mode,ğŸ˜
trying to decide,ğŸ¤”
overwhelmed with tears,ğŸ˜­
deeply in love,â¤ï¸
you're glowing,ğŸ˜
legendary moment,ğŸ‘
running scared,ğŸ˜±
looking into it,ğŸ¤”
totally pissed off,ğŸ˜¡
what a moment!,ğŸ¥³
this made my day,ğŸ˜‚
absolutely losing it,ğŸ˜‚
I screamed,ğŸ˜±
absolutely furious,ğŸ˜¡
you nailed it,ğŸ˜
so lovely,ğŸ¥°
so many memories,ğŸ˜¢
what just happened?,ğŸ˜±
shocked and shaken,ğŸ˜±
literally me,ğŸ˜‚
smooth and chill,ğŸ˜
nightmare,ğŸ˜±
great job,ğŸ‘
dying of laughter,ğŸ˜‚
in love with this,ğŸ˜
in love again,â¤ï¸
I'm weak,ğŸ˜‚
crowd goes wild,ğŸ‘
burned out,ğŸ˜¤
too funny,ğŸ˜‚
youâ€™re glowing,ğŸ˜
about to vomit,ğŸ¤¢
rage mode,ğŸ˜¡
cutest thing ever,ğŸ˜
morally right,ğŸ˜‡
nicely done,ğŸ‘
forever in my heart,â¤ï¸
yes to this,ğŸ‘
achievement unlocked,ğŸ‘
sending love,â¤ï¸
funniest thing ever,ğŸ˜‚
bravo,ğŸ‘
completely smitten,ğŸ˜
heartwarming,â¤ï¸
eye-roll moment,ğŸ™„
adorable energy,ğŸ¥°
canâ€™t resist you,ğŸ˜
this makes my heart melt,ğŸ˜
happy birthday!,ğŸ¥³
keeping calm barely,ğŸ˜¤
such a vibe,ğŸ¥³
thatâ€™s a good question,ğŸ¤”
no patience left,ğŸ˜¤
cringe moment,ğŸ˜…
go wild,ğŸ¥³
eww,ğŸ¤¢
mind blown,ğŸ¤¯
you did it,ğŸ‘
weighing my options,ğŸ¤”
mad inside,ğŸ˜¤
furious tweet incoming,ğŸ˜¡
smooth operator,ğŸ˜
this again?,ğŸ™„
this is love,ğŸ¥°
nervous laugh,ğŸ˜…
feeling sick,ğŸ¤¢
this startled me,ğŸ˜±
love at first sight,ğŸ˜
no energy left,ğŸ˜´
open for discussion,ğŸ¤”
no words just tears,ğŸ˜¢
rolling my eyes,ğŸ™„
frustrated at max,ğŸ˜¤
excellent job,ğŸ‘
this made me cry,ğŸ˜¢
bedtime vibes,ğŸ˜´
meh,ğŸ™„
what a joke,ğŸ™„
we made it,ğŸ¥³
nap needed,ğŸ˜´
mad vibes,ğŸ˜¡
youâ€™re adorable,ğŸ¥°
internally screaming,ğŸ˜¤
I'm shocked,ğŸ˜±
precious face,ğŸ˜
good deeds only,ğŸ˜‡
outrageous,ğŸ¤¯
horrified,ğŸ˜±
feeling pressure,ğŸ˜¤
barely okay,ğŸ˜…
time for bed,ğŸ˜´
can't deal with this,ğŸ˜¤
snore mode,ğŸ˜´
not again,ğŸ˜…
can't sleep now,ğŸ˜±
feeling the love,â¤ï¸
pop the champagne,ğŸ¥³
exploring ideas,ğŸ¤”
heavy breathing,ğŸ˜¤
pillow calling,ğŸ˜´
cleared!,ğŸ‘
this blew my mind,ğŸ¤¯
fed up with this,ğŸ˜¡
sweetness overload,ğŸ˜
sadness lingers,ğŸ˜¢
solid effort,ğŸ‘
laughing like crazy,ğŸ˜‚
boiling inside,ğŸ˜¤
crying in silence,ğŸ˜­
emotional wreck,ğŸ˜­
here we go again,ğŸ™„
ugh not again,ğŸ™„
it's party time,ğŸ¥³
on thin ice,ğŸ˜…
you rock!,ğŸ¥³
I'm in,ğŸ‘
my stomach hurts,ğŸ˜‚
I messed up,ğŸ˜…
so beautiful,ğŸ˜
crying silently,ğŸ˜¢
blessed with love,â¤ï¸
glowing with kindness,ğŸ˜‡
can we move on?,ğŸ™„
good presentation,ğŸ‘
absolutely wild,ğŸ¤¯
thank you!,ğŸ‘
so proud of you,ğŸ¥³
flabbergasted,ğŸ¤¯
what did I eat?,ğŸ¤¢
deep thoughts only,ğŸ¤”
shaky moment,ğŸ˜…
whatâ€™s the angle?,ğŸ¤”
fully agree,ğŸ‘
mind = blown,ğŸ¤¯
heart eyes mode,ğŸ˜
irritated soul,ğŸ˜¤
wish it was different,ğŸ˜¢
brainstorming,ğŸ¤”
tired beyond belief,ğŸ˜´
all set,ğŸ‘
my heart aches,ğŸ˜¢
smells awful,ğŸ¤¢
too much beauty,ğŸ˜
celebrating you,ğŸ¥³
boss energy,ğŸ˜
done for today,ğŸ˜´
doing good,ğŸ˜‡
eyes popping,ğŸ¤¯
so frustrating,ğŸ˜¤
sweating nervously,ğŸ˜…
what a save,ğŸ˜…
did not see that coming,ğŸ¤¯
thinking deeply,ğŸ¤”
being nice,ğŸ˜‡
confidence goals,ğŸ˜
I feel dizzy,ğŸ¤¢
too good,ğŸ˜
not sure yet,ğŸ¤”
vomit incoming,ğŸ¤¢
totally stunned,ğŸ¤¯
strong move,ğŸ‘
close call,ğŸ˜…
wow just wow,ğŸ¤¯
fed up,ğŸ˜¤
surprise of the year,ğŸ¤¯
whew!,ğŸ˜…
painfully crying,ğŸ˜­
head over heels,ğŸ˜
you did it!,ğŸ¥³
blessing others,ğŸ˜‡
absolutely,ğŸ‘
blushing hard,ğŸ¥°
so sweet,ğŸ¥°
sick vibes,ğŸ¤¢
falling asleep,ğŸ˜´
light and love,ğŸ˜‡
please stop,ğŸ™„
need to understand this,ğŸ¤”
enjoy your day!,ğŸ¥³
panicking,ğŸ˜±
goodnight world,ğŸ˜´
youâ€™re stunning,ğŸ˜
serious crush,ğŸ˜
everything hurts,ğŸ˜­
like a movie star,ğŸ˜
nauseated,ğŸ¤¢
that went wrong,ğŸ˜…
hmm...,ğŸ¤”
what just happened,ğŸ¤¯
ugh that taste,ğŸ¤¢
this is everything,ğŸ˜
angry vibes,ğŸ˜¤
crying hard,ğŸ˜­
interesting thought,ğŸ¤”
round of applause,ğŸ‘
sweetest feeling,â¤ï¸
amazing result,ğŸ‘
my blood is boiling,ğŸ˜¡
overwhelmed,ğŸ¤¯
overwhelmed with sadness,ğŸ˜¢
too sleepy to care,ğŸ˜´
congrats on your win,ğŸ¥³
that was tense,ğŸ˜…
not surprised,ğŸ™„
I'm dead,ğŸ˜‚
all the love,â¤ï¸
so much love,â¤ï¸
predictable,ğŸ™„
so many thoughts,ğŸ¤”
nervous energy,ğŸ˜…
soul is aching,ğŸ˜­
got that aura,ğŸ˜
memories hurt,ğŸ˜¢
this is infuriating,ğŸ˜¡
recharging now,ğŸ˜´
can't handle the cuteness,ğŸ¥°
relieved itâ€™s over,ğŸ˜…
cheers to you,ğŸ¥³
heart skips a beat,â¤ï¸
feels like home,ğŸ¥°
gag reflex,ğŸ¤¢
on point,ğŸ˜
incredible,ğŸ¤¯
this is scary,ğŸ˜±
bad food experience,ğŸ¤¢
can't stop laughing,ğŸ˜‚
stunned,ğŸ˜±
you did it,ğŸ‘
I'm in love,ğŸ˜
so sleepy,ğŸ˜´
approved,ğŸ‘
drip check,ğŸ˜
not impressed,ğŸ™„
gone too soon,ğŸ˜¢
my brain can't handle this,ğŸ¤¯
effortless cool,ğŸ˜
not okay at all,ğŸ˜¡
emotional and loving,â¤ï¸
you mean a lot to me,â¤ï¸
jaw dropped,ğŸ˜±
sobbing,ğŸ˜­
cool and confident,ğŸ˜
count me in,ğŸ‘
my heart is full,â¤ï¸
absolutely nasty,ğŸ¤¢
yawning hard,ğŸ˜´
frightening stuff,ğŸ˜±
beyond imagination,ğŸ¤¯
heard it all before,ğŸ™„
well done,ğŸ‘
curious now,ğŸ¤”
crossed the line,ğŸ˜¡
why though?,ğŸ¤”
what does this mean?,ğŸ¤”
love this,ğŸ¥°
I can't breathe from laughing,ğŸ˜‚
can't stop crying,ğŸ˜­
clapping hard,ğŸ‘
can't deal with it,ğŸ˜¡
feeling pure,ğŸ˜‡
haha so good,ğŸ˜‚
you canâ€™t be serious,ğŸ™„
unconditional love,â¤ï¸
oops,ğŸ˜…
that was awesome,ğŸ‘
gross,ğŸ¤¢
that attitude tho,ğŸ˜
what a twist,ğŸ¤¯
perfect,ğŸ‘
good choice,ğŸ‘
ugly crying,ğŸ˜­
dead tired,ğŸ˜´
vibes unmatched,ğŸ˜
feeling unstoppable,ğŸ˜
no way!,ğŸ¤¯
great performance,ğŸ‘
can't believe this,ğŸ˜±
made with love,ğŸ¥°
deep connection,ğŸ¥°
innocent look,ğŸ˜‡
gritting my teeth,ğŸ˜¤
freaked out,ğŸ˜±
lookin' sharp,ğŸ˜
I'm over it,ğŸ™„
I adore you,â¤ï¸
iconic move,ğŸ˜
this is disgusting,ğŸ¤¢
weâ€™re lit,ğŸ¥³
pure soul,ğŸ˜‡
in disbelief,ğŸ˜±
adorable moment,ğŸ˜
can't stand this,ğŸ˜¡
awkward situation,ğŸ˜…
I'm laughing so hard,ğŸ˜‚
correct answer,ğŸ‘
my favorite,ğŸ¥°
endless love,â¤ï¸
grossed out,ğŸ¤¢
so emotional,ğŸ˜¢
such style,ğŸ˜
youâ€™re my everything,â¤ï¸
what a scare,ğŸ˜±
keep it up,ğŸ‘
deep sigh,ğŸ˜¤
emotionally drained,ğŸ˜¢
wounded feelings,ğŸ˜­
roaring applause,ğŸ‘
angry right now,ğŸ˜¡
crying on the floor,ğŸ˜­
beyond belief,ğŸ˜±
out like a light,ğŸ˜´
this cracked me up,ğŸ˜‚
soulful and pure,ğŸ˜‡
painful moment,ğŸ˜¢
I survived,ğŸ˜…
what a shock,ğŸ˜±
donâ€™t care anymore,ğŸ™„
heartbroken deeply,ğŸ˜­
spread the love,ğŸ¥°
let me think,ğŸ¤”
clean conscience,ğŸ˜‡
pure joy,ğŸ¥°
innocence matters,ğŸ˜‡
long day,ğŸ˜´
lost my temper,ğŸ˜¡
just tired,ğŸ˜¤
I'm so mad,ğŸ˜¡
cheering you,ğŸ‘
so boring,ğŸ™„
valid point,ğŸ‘
raise a toast,ğŸ¥³
positive energy,ğŸ¥°
party mode activated,ğŸ¥³
Iâ€™ve had enough,ğŸ™„
so disrespectful,ğŸ˜¡
you're my favorite person,â¤ï¸
emotions flooding,ğŸ˜­
just five more mins,ğŸ˜´
terrified,ğŸ˜±
tears of joy,ğŸ˜‚
blessed behavior,ğŸ˜‡
so proud,ğŸ‘
thatâ€™s dumb,ğŸ™„
unbelievable,ğŸ¤¯
thumbs up from me,ğŸ‘
confetti vibes,ğŸ¥³
barely made it,ğŸ˜…
unexpected outcome,ğŸ¤¯
nasty stuff,ğŸ¤¢
wish I could stop crying,ğŸ˜­
alarmed,ğŸ˜±
peaceful mind,ğŸ˜‡
mentally evaluating,ğŸ¤”
still considering,ğŸ¤”
seriously?,ğŸ™„
annoyed badly,ğŸ˜¤
broken inside,ğŸ˜¢
gonna explode,ğŸ˜¤
alone again,ğŸ˜¢
standing ovation,ğŸ‘
mourning,ğŸ˜­
in my zone,ğŸ˜
so inspiring,ğŸ‘
youâ€™re my type,ğŸ˜
inner peace,ğŸ¥°
never laughed so hard,ğŸ˜‚
feeling festive,ğŸ¥³
stop this nonsense,ğŸ˜¡
you take my breath away,ğŸ˜
eyes wide open,ğŸ˜±
aching inside,ğŸ˜­
good work,ğŸ‘
canâ€™t stop staring,ğŸ˜
on edge,ğŸ˜¤
disrespectful behavior,ğŸ˜¡
barely holding on,ğŸ˜¤
whatever man,ğŸ™„
that smile,ğŸ˜
phew!,ğŸ˜…
that was awkward,ğŸ˜…
dreamy moment,ğŸ˜
why are people like this?,ğŸ˜¡
applause,ğŸ‘
rolling on the floor,ğŸ˜‚
this is huge,ğŸ¥³
yuck,ğŸ¤¢
I'm not okay,ğŸ˜¢
emotions building,ğŸ˜¤
dodged a bullet,ğŸ˜…
warm feelings,ğŸ¥°
heartfelt thanks,â¤ï¸
shining light,ğŸ˜‡
can't eat that,ğŸ¤¢
sugar and spice,ğŸ¥°
cutest post today,ğŸ¥°
so surprised,ğŸ¤¯
need a break,ğŸ˜¤
tears in my eyes,ğŸ˜¢
power move,ğŸ‘
adorbs,ğŸ¥°
level unlocked,ğŸ˜
youâ€™re perfect,ğŸ˜
very hurt,ğŸ˜­
so cute,ğŸ¥°
shattered heart,ğŸ˜­
awesome pick,ğŸ‘
yawn,ğŸ™„
lol,ğŸ˜‚
tears rolling,ğŸ˜­
stomach turning,ğŸ¤¢
you're kidding me,ğŸ˜¡
walking like a legend,ğŸ˜
this makes me angry,ğŸ˜¡
laughing nervously,ğŸ˜…
tears won't stop,ğŸ˜¢
over the moon,ğŸ¥°
yay!!,ğŸ¥³
love this moment,â¤ï¸
this hurts,ğŸ˜¢
this is hilarious,ğŸ˜‚
what a joke,ğŸ˜‚
food poisoning vibes,ğŸ¤¢
funniest post today,ğŸ˜‚
enough is enough,ğŸ˜¡
letâ€™s have fun,ğŸ¥³
processing this,ğŸ¤”
repulsive,ğŸ¤¢
big celebration,ğŸ¥³
furious beyond words,ğŸ˜¡
letâ€™s analyze this,ğŸ¤”
ROFL,ğŸ˜‚
owning it,ğŸ˜
heartbroken,ğŸ˜¢
precious moment,ğŸ¥°
goosebumps,ğŸ˜±
angel in disguise,ğŸ˜‡
that smile tho,ğŸ¥°
miss you so much,ğŸ˜¢
grateful for you,â¤ï¸
well deserved,ğŸ‘
nothing but love,â¤ï¸
need rest,ğŸ˜´
not my proudest moment,ğŸ˜…
this sucks,ğŸ˜¤
grief taking over,ğŸ˜­
that's crazy,ğŸ¤¯
epic moment,ğŸ¤¯
always honest,ğŸ˜‡
so kind,ğŸ˜‡
pure terror,ğŸ˜±
I hate this,ğŸ˜¡
congrats again,ğŸ‘
celebrating you,ğŸ‘
classic move,ğŸ™„
deeply hurt,ğŸ˜¢
heart melting,ğŸ¥°
seen this before,ğŸ™„
pure intentions,ğŸ˜‡
losing control,ğŸ˜¢
time to dance,ğŸ¥³
so unhygienic,ğŸ¤¢
doing the right thing,ğŸ˜‡
never expected that,ğŸ¤¯
almost embarrassing,ğŸ˜…
that hit hard,ğŸ‘
lost it,ğŸ˜¤
doing no harm,ğŸ˜‡
agreed,ğŸ‘
can't express the pain,ğŸ˜­
wish you were here,ğŸ˜¢
feeling sad,ğŸ˜¢
supporting you,ğŸ‘
too much,ğŸ˜‚
zzz,ğŸ˜´
you got it,ğŸ‘
crying from laughter,ğŸ˜‚
a good heart,ğŸ˜‡
so emotional,ğŸ˜­
I'm boiling,ğŸ˜¡
angelic vibes,ğŸ˜‡
exhausted rn,ğŸ˜´
feeling hopeless,ğŸ˜­
scratching my head,ğŸ¤”
what if...?,ğŸ¤”
makes me puke,ğŸ¤¢
bawling,ğŸ˜­
I love you,â¤ï¸
you're the best,ğŸ‘
shocking news,ğŸ¤¯
dozing off,ğŸ˜´
in dreamland,ğŸ˜´
how are you so cute,ğŸ˜
with all my heart,â¤ï¸
so fly,ğŸ˜
letâ€™s celebrate,ğŸ¥³
just being kind,ğŸ˜‡
so typical,ğŸ™„
about to crash,ğŸ˜´
canâ€™t keep my eyes open,ğŸ˜´
never again,ğŸ¤¢
swagger mode,ğŸ˜
trying to decide,ğŸ¤”
overwhelmed with tears,ğŸ˜­
deeply in love,â¤ï¸
you're glowing,ğŸ˜
legendary moment,ğŸ‘
running scared,ğŸ˜±
looking into it,ğŸ¤”
totally pissed off,ğŸ˜¡
what a moment!,ğŸ¥³
this made my day,ğŸ˜‚
absolutely losing it,ğŸ˜‚
I screamed,ğŸ˜±
absolutely furious,ğŸ˜¡
you nailed it,ğŸ˜
so lovely,ğŸ¥°
so many memories,ğŸ˜¢
what just happened?,ğŸ˜±
shocked and shaken,ğŸ˜±
literally me,ğŸ˜‚
smooth and chill,ğŸ˜
nightmare,ğŸ˜±
great job,ğŸ‘
dying of laughter,ğŸ˜‚
in love with this,ğŸ˜
in love again,â¤ï¸
I'm weak,ğŸ˜‚
crowd goes wild,ğŸ‘
burned out,ğŸ˜¤
too funny,ğŸ˜‚
youâ€™re glowing,ğŸ˜
about to vomit,ğŸ¤¢
rage mode,ğŸ˜¡
cutest thing ever,ğŸ˜
morally right,ğŸ˜‡
nicely done,ğŸ‘
forever in my heart,â¤ï¸
yes to this,ğŸ‘
achievement unlocked,ğŸ‘
sending love,â¤ï¸
funniest thing ever,ğŸ˜‚
bravo,ğŸ‘
completely smitten,ğŸ˜
heartwarming,â¤ï¸
eye-roll moment,ğŸ™„
adorable energy,ğŸ¥°
canâ€™t resist you,ğŸ˜
this makes my heart melt,ğŸ˜
happy birthday!,ğŸ¥³
keeping calm barely,ğŸ˜¤
such a vibe,ğŸ¥³
thatâ€™s a good question,ğŸ¤”
no patience left,ğŸ˜¤
cringe moment,ğŸ˜…
go wild,ğŸ¥³
eww,ğŸ¤¢
mind blown,ğŸ¤¯
you did it,ğŸ‘
weighing my options,ğŸ¤”
mad inside,ğŸ˜¤
furious tweet incoming,ğŸ˜¡
smooth operator,ğŸ˜
this again?,ğŸ™„
this is love,ğŸ¥°
nervous laugh,ğŸ˜…
feeling sick,ğŸ¤¢
this startled me,ğŸ˜±
love at first sight,ğŸ˜
no energy left,ğŸ˜´
open for discussion,ğŸ¤”
no words just tears,ğŸ˜¢
rolling my eyes,ğŸ™„
frustrated at max,ğŸ˜¤
excellent job,ğŸ‘
this made me cry,ğŸ˜¢
bedtime vibes,ğŸ˜´
meh,ğŸ™„
what a joke,ğŸ™„
we made it,ğŸ¥³
nap needed,ğŸ˜´
mad vibes,ğŸ˜¡
youâ€™re adorable,ğŸ¥°
internally screaming,ğŸ˜¤
I'm shocked,ğŸ˜±
precious face,ğŸ˜
good deeds only,ğŸ˜‡
outrageous,ğŸ¤¯
horrified,ğŸ˜±
feeling pressure,ğŸ˜¤
barely okay,ğŸ˜…
time for bed,ğŸ˜´
can't deal with this,ğŸ˜¤
snore mode,ğŸ˜´
not again,ğŸ˜…
can't sleep now,ğŸ˜±
feeling the love,â¤ï¸
pop the champagne,ğŸ¥³
exploring ideas,ğŸ¤”
heavy breathing,ğŸ˜¤
pillow calling,ğŸ˜´
cleared!,ğŸ‘
this blew my mind,ğŸ¤¯
fed up with this,ğŸ˜¡
sweetness overload,ğŸ˜
sadness lingers,ğŸ˜¢
solid effort,ğŸ‘
laughing like crazy,ğŸ˜‚
boiling inside,ğŸ˜¤
crying in silence,ğŸ˜­
emotional wreck,ğŸ˜­
here we go again,ğŸ™„
ugh not again,ğŸ™„
it's party time,ğŸ¥³
on thin ice,ğŸ˜…
you rock!,ğŸ¥³
I'm in,ğŸ‘
my stomach hurts,ğŸ˜‚
I messed up,ğŸ˜…
so beautiful,ğŸ˜
crying silently,ğŸ˜¢
blessed with love,â¤ï¸
glowing with kindness,ğŸ˜‡
can we move on?,ğŸ™„
good presentation,ğŸ‘
absolutely wild,ğŸ¤¯
thank you!,ğŸ‘
so proud of you,ğŸ¥³
flabbergasted,ğŸ¤¯
what did I eat?,ğŸ¤¢
deep thoughts only,ğŸ¤”
shaky moment,ğŸ˜…
whatâ€™s the angle?,ğŸ¤”
fully agree,ğŸ‘
mind = blown,ğŸ¤¯
heart eyes mode,ğŸ˜
irritated soul,ğŸ˜¤
wish it was different,ğŸ˜¢
brainstorming,ğŸ¤”
tired beyond belief,ğŸ˜´
all set,ğŸ‘
my heart aches,ğŸ˜¢
smells awful,ğŸ¤¢
too much beauty,ğŸ˜
celebrating you,ğŸ¥³
boss energy,ğŸ˜
done for today,ğŸ˜´
doing good,ğŸ˜‡
eyes popping,ğŸ¤¯
so frustrating,ğŸ˜¤
sweating nervously,ğŸ˜…
what a save,ğŸ˜…
did not see that coming,ğŸ¤¯
thinking deeply,ğŸ¤”
being nice,ğŸ˜‡
confidence goals,ğŸ˜
I feel dizzy,ğŸ¤¢
too good,ğŸ˜
not sure yet,ğŸ¤”
vomit incoming,ğŸ¤¢
totally stunned,ğŸ¤¯
strong move,ğŸ‘
close call,ğŸ˜…
wow just wow,ğŸ¤¯
fed up,ğŸ˜¤
surprise of the year,ğŸ¤¯
whew!,ğŸ˜…
painfully crying,ğŸ˜­
head over heels,ğŸ˜
you did it!,ğŸ¥³
blessing others,ğŸ˜‡
absolutely,ğŸ‘
blushing hard,ğŸ¥°
so sweet,ğŸ¥°
sick vibes,ğŸ¤¢
falling asleep,ğŸ˜´
light and love,ğŸ˜‡
please stop,ğŸ™„
need to understand this,ğŸ¤”
enjoy your day!,ğŸ¥³
panicking,ğŸ˜±
goodnight world,ğŸ˜´
youâ€™re stunning,ğŸ˜
serious crush,ğŸ˜
everything hurts,ğŸ˜­
like a movie star,ğŸ˜
nauseated,ğŸ¤¢
that went wrong,ğŸ˜…
hmm...,ğŸ¤”
what just happened,ğŸ¤¯
ugh that taste,ğŸ¤¢
this is everything,ğŸ˜
angry vibes,ğŸ˜¤
crying hard,ğŸ˜­
interesting thought,ğŸ¤”
round of applause,ğŸ‘
sweetest feeling,â¤ï¸
amazing result,ğŸ‘
my blood is boiling,ğŸ˜¡
overwhelmed,ğŸ¤¯
overwhelmed with sadness,ğŸ˜¢
too sleepy to care,ğŸ˜´
congrats on your win,ğŸ¥³
that was tense,ğŸ˜…
not surprised,ğŸ™„
I'm dead,ğŸ˜‚
all the love,â¤ï¸
so much love,â¤ï¸
predictable,ğŸ™„
so many thoughts,ğŸ¤”
nervous energy,ğŸ˜…
soul is aching,ğŸ˜­
got that aura,ğŸ˜
memories hurt,ğŸ˜¢
this is infuriating,ğŸ˜¡
recharging now,ğŸ˜´
can't handle the cuteness,ğŸ¥°
relieved itâ€™s over,ğŸ˜…
cheers to you,ğŸ¥³
heart skips a beat,â¤ï¸
feels like home,ğŸ¥°
gag reflex,ğŸ¤¢
on point,ğŸ˜
incredible,ğŸ¤¯
this is scary,ğŸ˜±
bad food experience,ğŸ¤¢
can't stop laughing,ğŸ˜‚
stunned,ğŸ˜±
you did it,ğŸ‘
I'm in love,ğŸ˜
so sleepy,ğŸ˜´
approved,ğŸ‘
drip check,ğŸ˜
not impressed,ğŸ™„
gone too soon,ğŸ˜¢
my brain can't handle this,ğŸ¤¯
effortless cool,ğŸ˜
not okay at all,ğŸ˜¡
emotional and loving,â¤ï¸
you mean a lot to me,â¤ï¸
jaw dropped,ğŸ˜±
sobbing,ğŸ˜­
cool and confident,ğŸ˜
count me in,ğŸ‘
my heart is full,â¤ï¸
absolutely nasty,ğŸ¤¢
yawning hard,ğŸ˜´
frightening stuff,ğŸ˜±
beyond imagination,ğŸ¤¯
heard it all before,ğŸ™„
well done,ğŸ‘
curious now,ğŸ¤”
crossed the line,ğŸ˜¡
why though?,ğŸ¤”
what does this mean?,ğŸ¤”
love this,ğŸ¥°
I can't breathe from laughing,ğŸ˜‚
can't stop crying,ğŸ˜­
clapping hard,ğŸ‘
can't deal with it,ğŸ˜¡
feeling pure,ğŸ˜‡
haha so good,ğŸ˜‚
you canâ€™t be serious,ğŸ™„
unconditional love,â¤ï¸
oops,ğŸ˜…
that was awesome,ğŸ‘
gross,ğŸ¤¢
that attitude tho,ğŸ˜
what a twist,ğŸ¤¯
perfect,ğŸ‘
good choice,ğŸ‘
ugly crying,ğŸ˜­
dead tired,ğŸ˜´
vibes unmatched,ğŸ˜
feeling unstoppable,ğŸ˜
no way!,ğŸ¤¯
great performance,ğŸ‘
can't believe this,ğŸ˜±
made with love,ğŸ¥°
deep connection,ğŸ¥°
innocent look,ğŸ˜‡
gritting my teeth,ğŸ˜¤
freaked out,ğŸ˜±
lookin' sharp,ğŸ˜
I'm over it,ğŸ™„
I adore you,â¤ï¸
iconic move,ğŸ˜
this is disgusting,ğŸ¤¢
weâ€™re lit,ğŸ¥³
pure soul,ğŸ˜‡
in disbelief,ğŸ˜±
adorable moment,ğŸ˜
can't stand this,ğŸ˜¡
awkward situation,ğŸ˜…
I'm laughing so hard,ğŸ˜‚
correct answer,ğŸ‘
my favorite,ğŸ¥°
endless love,â¤ï¸
grossed out,ğŸ¤¢
so emotional,ğŸ˜¢
such style,ğŸ˜
youâ€™re my everything,â¤ï¸
what a scare,ğŸ˜±
keep it up,ğŸ‘
deep sigh,ğŸ˜¤
emotionally drained,ğŸ˜¢
wounded feelings,ğŸ˜­
roaring applause,ğŸ‘
angry right now,ğŸ˜¡
crying on the floor,ğŸ˜­
beyond belief,ğŸ˜±
out like a light,ğŸ˜´
this cracked me up,ğŸ˜‚
soulful and pure,ğŸ˜‡
painful moment,ğŸ˜¢
I survived,ğŸ˜…
what a shock,ğŸ˜±
donâ€™t care anymore,ğŸ™„
heartbroken deeply,ğŸ˜­
spread the love,ğŸ¥°
let me think,ğŸ¤”
clean conscience,ğŸ˜‡
pure joy,ğŸ¥°
innocence matters,ğŸ˜‡
long day,ğŸ˜´
lost my temper,ğŸ˜¡
just tired,ğŸ˜¤
I'm so mad,ğŸ˜¡
cheering you,ğŸ‘
so boring,ğŸ™„
valid point,ğŸ‘
cheers to your achievement,ğŸ¥³
positive energy,ğŸ¥°
party mode activated,ğŸ¥³
Iâ€™ve had enough,ğŸ™„
so disrespectful,ğŸ˜¡
you're my favorite person,â¤ï¸
emotions flooding,ğŸ˜­
just five more mins,ğŸ˜´
terrified,ğŸ˜±
tears of joy,ğŸ˜‚
blessed behavior,ğŸ˜‡
so proud,ğŸ‘
thatâ€™s dumb,ğŸ™„
unbelievable,ğŸ¤¯
thumbs up from me,ğŸ‘
you did it!,ğŸ¥³
barely made it,ğŸ˜…
unexpected outcome,ğŸ¤¯
nasty stuff,ğŸ¤¢
wish I could stop crying,ğŸ˜­
alarmed,ğŸ˜±
peaceful mind,ğŸ˜‡
mentally evaluating,ğŸ¤”
still considering,ğŸ¤”
seriously?,ğŸ™„
annoyed badly,ğŸ˜¤
broken inside,ğŸ˜¢
gonna explode,ğŸ˜¤
alone again,ğŸ˜¢
standing ovation,ğŸ‘
mourning,ğŸ˜­
in my zone,ğŸ˜
so inspiring,ğŸ‘
youâ€™re my type,ğŸ˜
inner peace,ğŸ¥°
never laughed so hard,ğŸ˜‚
congratulations!,ğŸ¥³
stop this nonsense,ğŸ˜¡
you take my breath away,ğŸ˜
eyes wide open,ğŸ˜±
aching inside,ğŸ˜­
good work,ğŸ‘
canâ€™t stop staring,ğŸ˜
